자치구,번호,시설물 위치명,Full Address,X좌표,Y좌표,설치연도,"설치형태(막대형, 지주부착형 등)",설치수량(조),황단보도수(면),비고
중랑구,1,"상봉역앞(6번출구, 5번출구)",서울특별시 중랑구 망우로 293  ,127.0851577,37.5965388,2015,막대형,2,1,
강서구,2,월정초등학교, 서울특별시 강서구 화곡1동 374 ,126.840775,37.5339049,2015,막대형,2,1,
강서구,3,송화초등학교,서울특별시 강서구 방화대로 319  ,126.8161005,37.5691819,2015,막대형,2,1,
관악구,4,신림초등학교,서울특별시 관악구 문성로 214  ,126.9275928,37.4791574,2015,막대형,2,1,
서초구,5,청계산SH702동앞(연등),서울특별시 서초구 청계산로 11길  ,127.0575971,37.448136,2014,막대형,2,1,
서초구,6,신동초교,서울특별시 서초구 나루터로 15  ,127.01187,37.5169419,2019,지주부착형,2,1,
관악구,7,관악초교,서울특별시 관악구 쑥고개로 55  ,126.9426465,37.4798261,2019,지주부착형,2,1,
관악구,8,청롱초교,서울특별시 관악구 관악로 118  ,126.9529774,37.4759208,2019,지주부착형,2,1,
관악구,9,인헌초교,서울특별시 관악구 낙성대로 24  ,126.9587768,37.4763608,2019,지주부착형,2,1,
관악구,10,원당초교,서울특별시 관악구 봉천로 509  ,126.9560023,37.4804238,2019,지주부착형,2,1,
관악구,11,봉현초교,서울특별시 관악구 관악로 285  ,126.9555548,37.4895917,2019,지주부착형,2,1,
관악구,12,난향초교,서울특별시 관악구 난곡로 66  ,126.9199087,37.4613438,2019,지주부착형,2,1,
관악구,13,난곡초교,서울특별시 관악구 난곡로 169  ,126.9196822,37.4703134,2019,지주부착형,2,1,
관악구,14,미성초교,서울특별시 관악구 문성로 76  ,126.9123218,37.4763136,2019,지주부착형,2,1,
관악구,15,조원초교,서울특별시 관악구 조원로 66-1  ,126.9098897,37.4836726,2019,지주부착형,2,1,
관악구,16,신림초교,서울특별시 관악구 문성로 212  ,126.9273265,37.47914,2019,지주부착형,2,1,
관악구,17,난우초교,서울특별시 관악구 난우길 40  ,126.9177438,37.4766125,2019,지주부착형,2,1,
관악구,18,남부초교,서울특별시 관악구 남부순환로 1537  ,126.9213192,37.4833174,2019,지주부착형,2,1,
관악구,19,봉현초교,서울특별시 관악구 성현로 117  ,126.9551678,37.4909513,2019,지주부착형,2,1,
관악구,20,사당초교,서울특별시 관악구 남부순환로 2022  ,126.9733172,37.4757595,2019,지주부착형,2,1,
관악구,21,신봉초교,서울특별시 관악구 양녕로 30  ,126.9468992,37.4845967,2019,지주부착형,2,1,
관악구,22,은천초교,서울특별시 관악구 은천로 61  ,126.9422337,37.4864152,2019,지주부착형,2,1,
관악구,23,인헌초교,서울특별시 관악구 봉천로 580  ,126.9617773,37.4768772,2019,지주부착형,2,1,
관악구,24,난향초교,서울특별시 관악구 난곡로 53  ,126.9193568,37.4602266,2019,지주부착형,2,1,
관악구,25,미성초교,서울특별시 관악구 문성로 91  ,126.9137481,37.4776825,2019,지주부착형,2,1,
관악구,26,신성초교,서울특별시 관악구 신림로 114  ,126.936649,37.4715828,2019,지주부착형,2,1,
관악구,27,신성초교,서울특별시 관악구 신림로 111  ,126.9369533,37.4705868,2019,지주부착형,2,1,
관악구,28,신우초교,서울특별시 관악구 호암로 518  ,126.9318447,37.4639344,2019,지주부착형,2,1,
광진구,29,어린이대공원, 서울특별시 광진구 능동 339-2 ,127.0754819,37.5493448,2013,막대형,2,1,
광진구,30,구남초등학교, 서울특별시 광진구 구의동 216-15 ,127.0928449,37.537407,2013,막대형,4,2,
광진구,31,용곡초등학교, 서울특별시 광진구 중곡동 292 ,127.0864947,37.5688657,2015,막대형,2,1,
광진구,32,용마초등학교, 서울특별시 광진구 중곡동 140-29 ,127.0821671,37.556515,2015,막대형,2,1,
광진구,33,경복초등학교, 서울특별시 광진구 구의동 69-1 ,127.0881517,37.5473413,2015,막대형,1,1,
광진구,34,광진초등학교, 서울특별시 광진구 구의동 80-8 ,127.0878156,37.5475973,2015,막대형,1,1,
광진구,35,광진청소년수련관, 서울특별시 광진구 광장동 313-1 ,127.1067779,37.5465791,2015,막대형,2,1,
광진구,36,광남초등학교, 서울특별시 광진구 광장동 456-2 ,127.1012013,37.5414846,2015,막대형,2,1,
광진구,37,광양중학교, 서울특별시 광진구 자양동 677-22 ,127.0860834,37.5310828,2015,막대형,1,1,
광진구,38,자양초등학교, 서울특별시 광진구 자양동 222-1 ,127.080561,37.5369933,2015,막대형,2,1,
광진구,39,신자초등학교, 서울특별시 광진구 자양동 600-15 ,127.07524,37.5307376,127.07524,막대형,2,1,
광진구,40,신양초등학교, 서울특별시 광진구 자양동 504-7 ,127.0684175,37.5348132,127.0684175,막대형,2,1,
광진구,41,성수초등학교, 서울특별시 광진구 화양동 234 ,127.0658448,37.5445063,127.0658448,막대형,2,1,
광진구,42,광장사거리, 서울특별시 광진구 광장동 240-8 ,127.1040088,37.5454947,127.1040088,막대형,6,3,
광진구,43,건국대학교후문, 서울특별시 광진구 화양동 526-34 ,127.0747285,37.5391326,127.0747285,막대형,2,1,
광진구,44,중마초등학교, 서울특별시 광진구 중곡동 239-82 ,127.0785663,37.5637721,127.0785663,지주부착형,3,2,
광진구,45,광남중고교, 서울특별시 광진구 광장동 453-7 ,127.1015874,37.541904,127.1015874,지주부착형,6,3,
광진구,46,광양중고교, 서울특별시 광진구 자양동 685 ,127.0864819,37.5315978,127.0864819,지주부착형,1,1,
광진구,47,용곡중학교, 서울특별시 광진구 중곡동 18-67 ,127.086924,37.5649716,127.086924,지주부착형,2,1,
광진구,48,건대사범대부속중, 서울특별시 광진구 구의동 251-21 ,127.083745,37.5407737,127.083745,지주부착형,2,1,
광진구,49,대원중고교, 서울특별시 광진구 중곡동 18-75 ,127.087144,37.5636979,127.087144,지주부착형,6,3,
광진구,50,군자역, 서울특별시 광진구 중곡동 47-14 ,127.0811665,37.5596754,127.0811665,지주부착형,6,3,
광진구,51,어린이대공원역, 서울특별시 광진구 능동 18-43 ,127.0754399,37.5474429,127.0754399,지주부착형,8,4,
광진구,52,신양초등학교, 서울특별시 광진구 자양동 553-264 ,127.0677309,37.5342908,127.0677309,지주부착형,2,1,
광진구,53,신양초등학교, 서울특별시 광진구 자양동 553-43 ,127.0700693,37.5350424,127.0700693,지주부착형,2,1,
광진구,54,동자초등학교, 서울특별시 광진구 자양동 518-1 ,127.0727862,37.5345528,127.0727862,지주부착형,2,1,
광진구,55,자양초등학교, 서울특별시 광진구 자양동 773-9 ,127.079026,37.5378736,127.079026,지주부착형,2,1,
광진구,56,성자초등학교, 서울특별시 광진구 자양동 653-34 ,127.0823202,37.5315998,127.0823202,지주부착형,4,2,
광진구,57,화양초등학교, 서울특별시 광진구 화양동 4-18 ,127.0723156,37.5431572,127.0723156,지주부착형,2,1,
광진구,58,장안초등학교, 서울특별시 광진구 군자동 364-15 ,127.0715166,37.5511252,127.0715166,지주부착형,2,1,
광진구,59,세종초등학교, 서울특별시 광진구 군자동 98 ,127.0741314,37.5507345,127.0741314,지주부착형,2,1,
광진구,60,구의초등학교, 서울특별시 광진구 구의동 236-28 ,127.084605,37.5427953,127.084605,지주부착형,2,1,
광진구,61,"경복, 광진초등학교", 서울특별시 광진구 구의동 79-8 ,127.0888431,37.548653,127.0888431,지주부착형,2,1,
광진구,62,양진초등학교, 서울특별시 광진구 광장동 530-1 ,127.0944288,37.5429801,127.0944288,지주부착형,2,1,
광진구,63,"중마, 중광초등학교", 서울특별시 광진구 중곡동 192-28 ,127.0807384,37.5652184,127.0807384,지주부착형,2,1,
광진구,64,중광초등학교, 서울특별시 광진구 중곡동 30-80 ,127.0845873,37.5649376,127.0845873,지주부착형,2,1,
광진구,65,중광초등학교, 서울특별시 광진구 중곡동 163-2 ,127.0819075,37.5622358,127.0819075,지주부착형,2,1,
광진구,66,광장초등학교, 서울특별시 광진구 광장동 337-4 ,127.107566,37.5482033,127.107566,지주부착형,2,1,
광진구,67,강변역, 서울특별시 광진구 구의동 546-6 ,127.0945451,37.5353816,127.0945451,지주부착형,2,1,
광진구,68,동서울터미널, 서울특별시 광진구 구의동 546-1 ,127.0935856,37.5339173,127.0935856,지주부착형,4,2,
광진구,69,광진구청, 서울특별시 광진구 구의동 252-109 ,127.083729,37.5386475,127.083729,지주부착형,4,2,
광진구,70,광진소방서, 서울특별시 광진구 구의동 633-4 ,127.082447,37.5449149,127.082447,지주부착형,1,1,
광진구,71,건대입구역 교차로, 서울특별시 광진구 화양동 6-3 ,127.0705832,37.5405069,127.0705832,지주부착형,4,2,서울민주주의위원회 지역공동체담당관
광진구,72,아차산역 5번 출구, 서울특별시 광진구 능동 256-16 ,127.0863486,37.554252,127.0863486,지주부착형,3,2,서울민주주의위원회 지역공동체담당관
광진구,73,강변역 테크노마트 앞, 서울특별시 광진구 구의동 546-3 ,127.0946879,37.5356687,127.0946879,지주부착형,6,3,
광진구,74,동자초교 사거리, 서울특별시 광진구 자양동 553-500 ,127.0713389,37.5344826,127.0713389,지주부착형,4,4,
광진구,75,신양초교 앞 교차로, 서울특별시 광진구 자양동 550-2 ,127.068388,37.5349742,127.068388,지주부착형,6,3,
광진구,76,화양초교 주변,서울특별시 광진구 능동로 160  ,127.073278,37.5449467,127.073278,지주부착형,2,1,
광진구,77,광진소방서 앞, 서울특별시 광진구 능동 18-12 ,127.0821684,37.5453121,2020,지주부착형,1,1,서울민주주의위원회 지역공동체담당관
광진구,78,구의사거리, 서울특별시 광진구 구의동 234-21 ,127.0853795,37.5451122,2020,지주부착형,8,4,
광진구,79,장안초교 정문, 서울특별시 광진구 군자동 363-43 ,127.0709568,37.5500085,2020,지주부착형,2,1,
광진구,80,올림픽대교 북단 교차로, 서울특별시 광진구 광장동 572-1 ,127.0961483,37.5412256,2020,지주부착형,8,4,
광진구,81,신양초등학교, 서울특별시 광진구 자양동 553-264 ,127.0677309,37.5342908,2020,지주부착형,2,1,
용산구,82,한남아이파크, 서울특별시 용산구 한남동 88-1 ,127.0072656,37.5317994,2017,막대형,4,2,시립용산노인종합복지관
용산구,83,한남아이파크(연등)1, 서울특별시 용산구 한남동 107-13 ,127.0067816,37.5313583,2017,막대형,2,1,시립용산노인종합복지관
용산구,84,두무개삼거리(연등)1, 서울특별시 용산구 한남동 524-7 ,127.0068041,37.530498,2017,막대형,2,1,시립용산노인종합복지관
용산구,85,두무개삼거리(연등)2, 서울특별시 용산구 한남동 522-45 ,127.0071673,37.5300488,2017,막대형,2,1,시립용산노인종합복지관
마포구,86,신석초등학교,서울특별시 마포구 대흥로 33  ,126.9377264,37.5438625,2018,지주부착형,2,1,
마포구,87,신석초등학교,서울특별시 마포구 대흥로 33  ,126.9377264,37.5438625,2018,지주부착형,2,1,
마포구,88,신북초등학교,서울특별시 마포구 월드컵북로38길 26  ,126.9047529,37.5709938,2018,지주부착형,2,1,
마포구,89,하늘초등학교,서울특별시 마포구 월드컵북로 502-14  ,126.8807982,37.5854652,2018,지주부착형,2,1,
마포구,90,성산초등학교,서울특별시 마포구 양화로3길 94  ,126.9110812,37.5532843,2018,지주부착형,2,1,
마포구,91,상암초등학교,서울특별시 마포구 월드컵북로 353  ,126.8921932,37.5760868,2018,지주부착형,2,1,
마포구,92,성서초등학교,서울특별시 마포구 성미산로7길 24  ,126.9114021,37.5604635,2018,지주부착형,2,1,
마포구,93,용강초등학교,서울특별시 마포구 백범로17길 9  ,126.9440541,37.5491133,2018,지주부착형,2,1,
마포구,94,공덕초등학교,서울특별시 마포구 만리재옛길 13  ,126.954095,37.5457281,2018,지주부착형,2,1,
동작구,95,자료없음,서울특별시 동작구 현충로 118(명수대 현대아파트 앞)  ,126.9664323,37.5068345,2018,지주부착,2,1,
동작구,96,자료없음,서울특별시 동작구 노량진로 144(청탑학원 앞)  ,126.9386138,37.5129295,2018,지주부착,2,1,
동작구,97,자료없음,서울특별시 동작구 노량진로 223(노량진우체국 앞)  ,126.9506404,37.5124576,2018,지주부착,2,1,
동작구,98,자료없음,서울특별시 동작구 상도로 370-1(숭실대입구역 앞)  ,126.9539087,37.4956126,2018,지주부착,2,1,
강남구,99,대도초등학교,서울특별시 강남구 선릉로 209  ,127.0535224,37.4926976,2019,지주부착형,2,1,
강남구,100,도성초등학교,서울특별시 강남구 역삼로 313  ,127.0491834,37.5009074,2019,지주부착형,2,1,
강남구,101,세명초등학교,서울특별시 강남구 자곡로 55  ,127.0909942,37.4686014,2019,지주부착형,2,1,
강남구,102,역삼초등학교,서울특별시 강남구 강남대로66길 21  ,127.0327832,37.4928011,2020,지주부착형,2,1,
송파구,103,거여초교, 서울특별시 송파구 오금동 100-10 ,127.1344585,37.5041934,2019,막대형,2,1,
송파구,104,남천초교, 서울특별시 송파구 마천동 76-1 ,127.1511307,37.5001672,2019,막대형,2,1,
송파구,105,문덕초교1, 서울특별시 송파구 문정동 70-9 ,127.1261547,37.4830793,2019,막대형,2,1,
송파구,106,문덕초교2, 서울특별시 송파구 문정동 85 ,127.1280502,37.4831666,2019,막대형,2,1,
송파구,107,"문정초교1,2", 서울특별시 송파구 문정동 97 ,127.1291167,37.4830783,2019,막대형,4,2,
송파구,108,"문현초교1,2", 서울특별시 송파구 장지동 836 ,127.1302714,37.4826368,2019,막대형,4,2,
송파구,109,삼전초교, 서울특별시 송파구 삼전동 62 ,127.092549,37.502773,2019,막대형,2,1,
송파구,110,송전초교, 서울특별시 송파구 잠실동 40 ,127.0939188,37.5111034,2019,막대형,2,1,
송파구,111,송파초교, 서울특별시 송파구 송파동 134-2 ,127.1111425,37.5080806,2019,막대형,2,1,
송파구,112,잠전초교, 서울특별시 송파구 잠실동 230-4 ,127.0831957,37.5060643,2019,막대형,2,1,
송파구,113,토성초교, 서울특별시 송파구 풍납동 257-77 ,127.113909,37.5303986,2019,막대형,2,1,
송파구,114,풍납초교, 서울특별시 송파구 풍납동 229-13 ,127.1172331,37.5341182,2019,막대형,2,1,
서대문구,115,홍은초교,서울특별시 서대문구 세검정로 99  ,126.9489862,37.5963989,2019,지주부착형,2,1,
서대문구,116,북가좌초교,서울특별시 서대문구 거북골로 191  ,126.9093879,37.5778994,2019,지주부착형,6,3,
중구,117,중앙시장 앞,서울특별시 중구 퇴계로 432-1  ,127.0196251,37.565495,2020,지주부착형,1,1,
중구,118,중앙시장 앞,서울특별시 중구 퇴계로 434  ,127.0197615,37.5654894,2020,지주부착형,1,1,
종로구,119,혜화초교,서울특별시 종로구 혜화로 27-1 앞  ,126.9995249,37.5881327,2019,지주부착형,2,1,
종로구,120,혜화초교,서울특별시 종로구 혜화로 31 앞  ,126.9994347,37.5883561,2019,지주부착형,2,1,
종로구,121,창신초교,서울특별시 종로구 지봉로 70-1 앞  ,127.0157242,37.576393,2019,지주부착형,2,1,
영등포구,122,영신초교,서울특별시 영등포구 도신로60길  ,126.9177282,37.510229,2020,지주부착형,2,1,
강북구,123,송중초등학교,서울특별시 강북구 오현로 9  ,127.0315704,37.6169246,2019,막대형,2,1,
금천구,124,시흥초교 입구,서울특별시 금천구 금하로 659  ,126.9041768,37.4535401,2020,막대형,2,1,
금천구,125,금나래초 후문,서울특별시 금천구 벚꽃로 30  ,126.8941766,37.4582394,2020,막대형,2,1,
금천구,126,독산로 구간,서울특별시 금천구 독산로 246  ,126.9024895,37.468713,2020,막대형,2,1,
금천구,127,문성중 입구,서울특별시 금천구 문성로 36  ,126.9075916,37.4765673,2020,막대형,2,1,
금천구,128,문성로 구간,서울특별시 금천구 문성로 52  ,126.9093655,37.4767872,2020,막대형,2,1,
성동구,129,옥수파크힐스@, 서울특별시 성동구 옥수동 528 ,127.013891,37.5483322,2020,지주부착형,2,1,
성동구,130,독서당인문아카데미,서울특별시 성동구 금호동4가 56  ,127.0251703,37.5456282,2020,지주부착형,2,1,
성동구,131,행현초 정문 주변, 서울특별시 성동구 행당동 317-18 ,127.0293614,37.5577402,2020,지주부착형,2,1,
성동구,132,영광교회 주변,서울특별시 성동구 성수동2가 264-3  ,127.057656,37.5383047,2020,지주부착형,2,1,
성동구,133,경동초 정문,서울특별시 성동구 성수동1가 19-1  ,127.0504404,37.5430599,2020,지주부착형,2,1,
성동구,134,보건소 주변, 서울특별시 성동구 홍익동 315 ,127.0330107,37.5661791,2020,지주부착형,2,1,
성동구,135,도선동주민센터, 서울특별시 성동구 상왕십리동 130-49 ,127.0247973,37.568436,2020,지주부착형,2,1,
성동구,136,텐즈힐1단지 상가, 서울특별시 성동구 하왕십리동 339-67 ,127.0285054,37.5696274,2020,지주부착형,2,1,
성동구,137,한양여대, 서울특별시 성동구 사근동 110 ,127.0473936,37.5577414,2020,지주부착형,2,1,
성동구,138,성수현대자동차 앞,서울특별시 성동구 성수동2가 834  ,127.0566112,37.5474072,2020,지주부착형,1,1,
성동구,139,옥수리버젠 부출입구, 서울특별시 성동구 옥수동 517-12 ,127.0157182,37.5452737,2020,지주부착형,2,1,
성동구,140,옥수역 서측 하나은행, 서울특별시 성동구 옥수동 367-6 ,127.0168002,37.5415183,2020,지주부착형,1,1,
성동구,141,옥정중 주변, 서울특별시 성동구 옥수동 447-4 ,127.0108234,37.5412844,2020,지주부착형,2,1,
성동구,142,뚝섬역4번출구,서울특별시 성동구 성수동1가 14-17  ,127.0489669,37.5469652,2020,지주부착형,1,1,
성동구,143,송정동 왕약국, 서울특별시 성동구 송정동 66-196 ,127.0656747,37.5484318,2020,지주부착형,1,1,
성동구,144,숭신초 정문, 서울특별시 성동구 하왕십리동 1068 ,127.0278038,37.5676959,2020,지주부착형,2,1,
은평구,145,은명초교,서울특별시 은평구 응암로 301-1  ,126.9206889,37.5985606,2020,지주부착형,2,1,
은평구,146,은명초교,서울특별시 은평구 응암로 292  ,126.9205158,37.5974505,2020,지주부착형,2,1,
은평구,147,은평초교,서울특별시 은평구 은평로 235  ,126.9339205,37.601183,2020,지주부착형,2,1,
은평구,148,은평초교,서울특별시 은평구 통일로 610  ,126.9368222,37.6017429,2020,지주부착형,2,1,
은평구,149,녹번초교,서울특별시 은평구 서오릉로 15  ,126.9258522,37.6024916,2020,지주부착형,2,1,
은평구,150,녹번초교,서울특별시 은평구 녹번로 16(정문)  ,126.9283637,37.6039156,2020,지주부착형,4,2,
은평구,151,어울초교,서울특별시 은평구 통일로 663  ,126.9337542,37.6057982,2020,지주부착형,4,2,
은평구,152,신사초교,서울특별시 은평구 가좌로 280  ,126.9131387,37.5936409,2020,지주부착형,2,1,
은평구,153,수색초교,서울특별시 은평구 수색로 280  ,126.8937458,37.5834658,2020,지주부착형,4,2,
은평구,154,수색초교,서울특별시 은평구 은평터널로 27  ,126.9035893,37.5896416,2020,지주부착형,2,1,
은평구,155,응암초교,서울특별시 은평구 가좌로 192  ,126.9200871,37.5880541,2020,지주부착형,2,1,
은평구,156,응암초교,서울특별시 은평구 백련산로 35  ,126.9225075,37.5888863,2020,지주부착형,2,1,
은평구,157,충암초교,서울특별시 은평구 가좌로 16  ,126.912261,37.5941105,2020,지주부착형,2,1,
은평구,158,연은초교,서울특별시 은평구 백련산로 38  ,126.9235469,37.5908265,2020,지주부착형,2,1,
은평구,159,역촌초교,서울특별시 은평구 연서로 37  ,126.9155352,37.602556,2020,지주부착형,2,1,
은평구,160,연신초교,서울특별시 은평구 연서로 348  ,126.9292341,37.6261685,2020,지주부착형,2,1,
은평구,161,대조초교,서울특별시 은평구 연서로 162  ,126.9178719,37.6131982,2020,지주부착형,2,1,
은평구,162,예일초교,서울특별시 은평구 연서로 114  ,126.9163297,37.6091223,2020,지주부착형,2,1,
은평구,163,수리초교,서울특별시 은평구 불광로 136  ,126.9329327,37.6189459,2020,지주부착형,2,1,
은평구,164,연천초교, 서울특별시 은평구 불광동 137-5(정문) ,126.9286005,37.6214357,2020,지주부착형,2,1,
은평구,165,은빛초교, 서울특별시 은평구 진관동 45-21 ,126.9165926,37.6433818,2020,지주부착형,6,3,
은평구,166,신도초교, 서울특별시 은평구 진관동 196-21 ,126.9302313,37.6338846,2020,지주부착형,8,4,
노원구,167,노원역, 서울특별시 노원구 상계동 727-2 ,127.0611313,37.6540158,2020,지주부착형,4,2,
노원구,168,은행사거리, 서울특별시 노원구 중계동 366-6 ,127.0771635,37.6509746,2020,지주부착형,4,2,
노원구,169,신계초등학교, 서울특별시 노원구 월계동 606-4 ,127.0545354,37.6294812,2020,지주부착형,2,1,
노원구,170,월계헬스케어센터 앞, 서울특별시 노원구 월계동 321-4 ,127.0615627,37.6314398,2020,지주부착형,2,1,
노원구,171,용원초등학교, 서울특별시 노원구 공릉동 709 ,127.068908,37.6292922,2020,지주부착형,2,1,
노원구,172,미성미륭아파트 앞, 서울특별시 노원구 월계동 191-1 ,127.0683377,37.623628,2020,지주부착형,2,1,
노원구,173,도깨비시장 앞, 서울특별시 노원구 공릉동 567-5 ,127.0744473,37.6223851,2020,지주부착형,2,1,
노원구,174,비선아파트 앞, 서울특별시 노원구 공릉동 230-14 ,127.0854762,37.6252589,2020,지주부착형,2,1,
노원구,175,노원구민회관 앞, 서울특별시 노원구 중계동 507-3 ,127.0657758,37.6396945,2020,지주부착형,2,1,
노원구,176,하계역 세이브존 앞, 서울특별시 노원구 하계동 284 ,127.068707,37.6378658,2020,지주부착형,2,1,
성북구,177,성북초등학교, 서울특별시 성북구 성북동 75-3(학교정문) ,126.9991975,37.5942633,2020,지주부착형,2,1,
성북구,178,숭덕초등학교, 서울특별시 성북구 정릉동 966-290 앞(통학로) ,127.0148737,37.6039651,2020,지주부착형,2,1,
성북구,179,정덕초등학교,서울특별시 성북구 아리랑로 53 앞(통학로)  ,127.0145413,37.5973816,2020,지주부착형,2,1,
성북구,180,정수초등학교,서울특별시 성북구 정릉로 242 앞(통학로)  ,127.0077694,37.6089873,2020,지주부착형,2,1,
성북구,181,삼선초등학교,서울특별시 성북구 보문로29길 106 앞(학교정문)  ,127.0125541,37.5863104,2020,지주부착형,3,2,
성북구,182,석계초등학교,서울특별시 성북구 한천로58길 273(학교정문)  ,127.0697639,37.608605,2020,지주부착형,2,1,
성북구,183,석관초등학교,서울특별시 성북구 돌곶이로22길 21(학교정문)  ,127.0591729,37.6108977,2020,지주부착형,2,1,
성북구,184,장곡초등학교,서울특별시 성북구 장월로 113(통학로)  ,127.0483514,37.6159761,2020,지주부착형,2,1,
성북구,185,숭인초등학교,서울특별시 성북구 오패산로16길 37(학교정문)  ,127.0374712,37.6088767,2020,지주부착형,2,1,
성북구,186,숭곡초등학교,서울특별시 성북구 오패산로3길 147앞(통학로)  ,127.0327218,37.6093686,2020,지주부착형,2,1,
성북구,187,숭례초등학교,서울특별시 성북구 종암로 45앞(학교후문앞)  ,127.0357734,37.5939625,2020,지주부착형,2,1,
성북구,188,일신초등학교,서울특별시 성북구 월곡로 74(학교정문)  ,127.0401417,37.5989164,2020,지주부착형,2,1,
성북구,189,미아초등학교,서울특별시 성북구 삼양로 77(학교정문)  ,127.0217263,37.6104613,2020,지주부착형,2,1,
성북구,190,석관초등학교,서울특별시 성북구 돌곶이로 74(통학로)  ,127.0579731,37.6101835,2020,지주부착형,6,3,