시설명,시설주소,X,Y
송파구방이복지관,서울특별시 송파구 백제고분로37길 4,209197.55557492404,544989.8028462583
서울시각장애인복지관,서울특별시 송파구 삼학사로19길 27,208317.74240979837,545187.4109392836
서울시립발달장애인복지관,서울특별시 동작구 여의대방로20길 33,192849.1314021715,543694.5259958252
청음복지관,서울특별시 강남구 봉은사로50길 6,203745.06404180807,545548.855806653
마포장애인종합복지관,서울특별시 마포구 성산로4길 35,191913.52006077048,551587.5962653728
다운복지관,서울특별시 노원구 화랑로478,207088.52492535577,557709.9623762729
원광장애인종합복지관,서울특별시 중랑구 신내로 56,208478.48182106798,556073.310077563
성프란치스꼬장애인종합복지관,서울특별시 구로구 남부순환로105라길 25-10,190316.88151611897,542464.1983665512
성모자애복지관,서울특별시 강남구 헌릉로757길 35,210568.9483171037,541186.0524238386
대린원,서울특별시 노원구 동일로248길 30,205015.56204986497,564547.0587318793
동천의집,서울특별시 노원구 노원로 18길 41,206471.52777337804,560533.6658801083
삼성농아원,서울특별시 동작구 양녕로30길 19-4,195218.82413478597,544407.7949282553
다니엘복지원,서울특별시 서초구 헌릉로468길 21-16,208142.37070066461,540115.6482698756
늘편한집,서울특별시 노원구 중계로 163,207117.6880689067,561137.4152863285
임마누엘집,서울특별시 송파구 양산로10길 26,212971.7148107412,543567.1777736834
임마누엘보호작업시설,서울특별시 송파구 양산로10길 26,212971.7148107412,543567.1777736834
아름해든집,서울특별시 강동구 고덕로 295-45,214026.12202356063,550916.8098483314
신아재활원,서울특별시 송파구 양산로8길 17,212876.43737443085,543570.7701313504
우성원,서울특별시 강동구 고덕로 295-45,214026.12202356063,550916.8098483314
영락애니아의집,서울특별시 용산구 후암로4길 70,198345.79987620626,549886.8819411768
사랑의집,서울특별시 은평구 역말로10길 30-1,193273.20290316927,556629.8571936077
암사재활원,서울특별시 강동구 올림픽로 864,211594.44430682505,550964.235874441
은평재활원,서울특별시 은평구 갈현로11길 30,191771.78005402477,556237.133218867
오틸리아 공동생활가정,서울특별시 강남구 학동로26길 15,202637.8512387506,545882.4583244799
새빛바울의집,서울특별시 서초구 방배중앙로 99,198964.75507461204,543191.8007492564
바르티매오공동생활가정,서울특별시 은평구 불광로9가길 4,193949.13090853574,557440.5788426287
동천하우스5,서울특별시 중랑구 동일로104길 3,207104.48715785478,554504.7213623512
교남소망의집,서울특별시 강서구 까치산로22길 38,186965.35398690056,549855.9878650266
베데스다의 집,서울특별시 노원구 중계로8길 39,207455.0312791864,560819.0267741141
베데스다장애인주간보호센터,서울특별시 노원구 공릉로58마길 27,206853.84844557883,559648.3971514218
아름다운,서울특별시 중랑구 망우로55길 32,208291.65397685827,555487.7868198894
신망애의집,서울특별시 서초구 남부순환로342길 56-58,202154.2302436759,542177.452007397
강북구립장애인보호작업장,서울특별시 강북구 오현로 199-9,203486.495136431,558866.8040982429
용산구립장애인보호작업장,서울특별시 용산구 한강대로 331,197480.81393718155,549820.8837825363
다니엘의집1호,서울특별시 서초구 염곡안길 19-0,204559.39075056772,540324.9796278245
다니엘의집2호,서울특별시 서초구 염곡안길 19-0302호,204559.39075056772,540324.9796278245
다니엘주간보호센터,서울특별시 서초구 헌릉로468길 21-16,208142.37070066461,540115.6482698756
다니엘단기보호센터,서울특별시 서초구 헌릉로468길 21-16,208142.37070066461,540115.6482698756
사랑나눔주간보호시설,서울특별시 송파구 마천로51길 28,213492.53299489166,544171.5435398438
다니엘직업재활원,서울특별시 서초구 헌릉로468길 21-16,208142.37070066461,540115.6482698756
동천,서울특별시 노원구 노원로18길 41,206471.52777337804,560533.6658801083
노원교육복지재단(다모인),서울특별시 노원구 노원로 311,206147.63106415627,560428.1118876362
영등포구 장애인사랑나눔의 집,서울특별시 영등포구 신길로 55,191864.40638767995,544235.8262452515
원광보호작업장,서울특별시 중랑구 신내로 56,208478.48182106798,556073.310077563
참좋은센터,서울특별시 중랑구 봉화산로56길 99-15,208676.38584951844,556089.8524174852
신아보호작업장,서울특별시 송파구 양산로8길 17,212876.43737443085,543570.7701313504
늘푸른나무복지관,서울특별시 강서구 허준로5길 37 -0,186849.55029055418,552123.89872389
조은세상,서울특별시 중랑구 동일로140길 31-21,207130.81295564317,556119.73352559
서울시립북부장애인종합복지관,서울특별시 노원구 덕릉로70가길 92,205009.5387691672,560303.4915635223
서울시립남부장애인종합복지관,서울특별시 동작구 신대방2동395,193150.81820892176,543923.2829313437
금천장애인종합복지관,서울특별시 금천구 시흥대로101길 17,190828.41536570492,540510.6306337563
볕바라기주간보호센터,서울특별시 금천구 금하로18길 8-1,191597.51825591587,539208.870360285
데일리스보호작업시설,서울특별시 동대문구 천호대로83길 14,205721.693457808,551477.8492488725
북서울장애인보호작업시설,서울특별시 강북구 한천로115길 20,203196.77653773697,559275.7835445942
소망의집,서울특별시 강북구 인수봉로64길 30,201285.10840472888,560002.5368468793
삼성떡프린스,서울특별시 동작구 양녕로30길 19-4,195218.82413478597,544407.7949282553
더홈,서울특별시 노원구 중계로 163-0,207117.6880689067,561137.4152863285
서울특별시립평화로운집,서울특별시 은평구 갈현로 15길 27-1,191655.9657704287,556431.1803899157
주몽재활원,서울특별시 강동구 상암로 369-0,214460.54855805004,549643.8512172834
소망제이앤피,서울특별시 강남구 언주로167길 35,202675.44896428753,547431.8879778156
다움장애아동지원센터,서울특별시 은평구 갈현로11길 30,191771.78005402477,556237.133218867
보담터,서울특별시 노원구 중계로 163-0,207117.6880689067,561137.4152863285
시립서대문농아인복지관,서울특별시 서대문구 수색로4가길 23,192388.7637203788,552357.1181669687
승가원행복마을,서울특별시 성북구 개운사길 76-1,202622.26817539698,554492.4708556177
라온클린패밀리,서울특별시 강동구 고덕로 295-45,214026.12202356063,550916.8098483314
용산구립장애인주간보호센터,서울특별시 용산구 한강대로 331,197480.81393718155,549820.8837825363
두레네집공동생활가정,서울특별시 관악구 법원단지길 97-3,193121.69216547735,541710.9727206144
중랑구립직업재활센터,서울특별시 중랑구 숙선옹주로9길 55,207389.1814411387,557529.811769767
송파인성장애인복지관,서울특별시 송파구 마천로61길 26,213728.90272542206,543851.1210969863
사랑의복지관,서울특별시 서초구 강남대로 65길 19,202121.4186263186,544489.5659935212
성북장애인복지관,서울특별시 성북구 화랑로 130,204029.8497856712,556104.6163144886
한빛맹아원,서울특별시 강북구 삼양로73가길 47,201385.57797528277,558720.5569916725
하누리주간보호센터,서울특별시 금천구 시흥대로2길57,191718.5614290371,537319.732085277
헬렌켈러의집단기거주시설,서울특별시 강북구 삼양로91가길 8,201397.30184130045,559656.1341434178
헬렌켈러의집주간보호,서울특별시 강북구 삼양로80길 7,201612.72462228918,559040.3920968818
다니엘사랑이용센터,서울특별시 서초구 헌릉로468길 21-16,208142.37070066461,540115.6482698756
다니엘의집3호,서울특별시 서초구 신반포로43길 15,201555.31129386963,545707.458246118
다솜장애인공동생활가정,서울특별시 서대문구 가재울로6길 16,193167.54327003937,552850.9055760095
아이티장애인공동생활가정,서울특별시 서대문구 연희로41길 61-061,194253.4992908453,554631.6285034001
다솜장애인주간보호센터,서울특별시 서대문구 증가로4길 53,193628.1600362883,553152.9941248774
신목장애인주간보호시설,서울특별시 양천구 신목로 5,189086.731862442,546391.1287854445
디딤자리,서울특별시 강북구 덕릉로12길 13,201441.15042629646,559307.2347994281
너울자리,서울특별시 강동구 동남로85길 15,213773.11344597786,551314.1028483503
보금자리,서울특별시 강동구 동남로85길 15,213773.11344597786,551314.1028483503
하늘자리공동생활가정,서울특별시 강동구 동남로85길 15,213773.11344597786,551314.1028483503
주바라기해피홈,서울특별시 도봉구 도봉로169가길 45,203811.8823153559,564698.3288835813
동천하우스1,서울특별시 노원구 동일로237바길 8,204473.75008263538,563788.772050637
동천하우스2,서울특별시 노원구 한글비석로24바길 98,206166.76451729733,563010.3982545328
해맑음보호작업시설,서울특별시 노원구 동일로 1097,206295.36179053294,558687.8048402457
강북구수어통역센터,서울특별시 강북구 도봉로 388,202615.1351471003,560190.4337627249
그루터기공동생활가정,서울특별시 노원구 동일로191가길 26-0,206309.14149238027,558525.4820546833
관악구수어통역센터,서울특별시 관악구 쑥고개로 128,195637.60922641773,542140.5027025338
도봉구수어통역센터,서울특별시 도봉구 마들로13길 153,204076.2754937084,561941.4234393394
동천하우스4,서울특별시 도봉구 도봉로137길 46,203533.03692758764,562372.0925997966
동천하우스3,서울특별시 도봉구 시루봉로23길 64,203655.75077142747,563738.2689862805
서울특별시수어통역센터지원본부,서울특별시 서대문구 경기대로 15,196616.89394446605,551255.944742205
인강원,서울특별시 도봉구 평화로15번길 9-25,203741.3979285346,566110.7410844362
가브리엘작업장,서울특별시 노원구 한글비석로24라길 94-13,206154.97368808015,562979.5230824049
가브리엘주간보호센터,서울특별시 노원구 한글비석로24라길 94-13,206154.97368808015,562979.5230824049
더해봄(종로구립장애인근로사업장),서울특별시 종로구 대학로3길 14,200128.6730129793,552734.9194406401
발달장애인단기거주시설 동천휴,서울특별시 노원구 노원로18길 41,206471.52777337804,560533.6658801083
동천발달장애인주간활동센터,서울특별시 노원구 노원로18길 41,206471.52777337804,560533.6658801083
섬김주간보호센터,서울특별시 노원구 덕릉로70가길 92,205009.5387691672,560303.4915635223
북부장애인직업재활시설,서울특별시 노원구 덕릉로70가길 92,205009.5387691672,560303.4915635223
대린직업훈련원,서울특별시 노원구 동일로248길 30,205015.56204986497,564547.0587318793
위드주간보호센터,서울특별시 은평구 갈현로15길 11-13,191997.05625991913,556359.4003607753
시온공동생활가정,서울특별시 은평구 갈현로15길 24-5,191885.37405901228,556520.7429410764
은평공동생활가정,서울특별시 은평구 증산로19길 28-8,192214.7817926014,555123.7292468863
꽃새암,서울특별시 관악구 봉천로13길 29-28,193846.93264327664,543453.4974103625
꽃가람,서울특별시 관악구 국회단지21길 13,194825.5187644294,543408.980742691
소망그룹홈,서울특별시 강동구 양재대로91나길 37,211667.34972465827,547507.2684808305
동안제일복지센터,서울특별시 송파구 거마로 79,213012.96138671035,544511.733166304
강동그룹홈,서울특별시 강동구 양재대로 1414-8,212249.4803667406,548074.4549008744
송파그룹홈,서울특별시 송파구 토성로5길 16-1,210080.79360908462,548048.5121144752
동안우리복지센터,서울특별시 강동구 풍성로 146,211326.13212383474,547948.2508767567
해피죤,서울특별시 강동구 상암로 195,212741.71308313435,549693.8124145465
바오로교실주간보호센터,서울특별시 은평구 증산로5길 7,191794.881750662,553677.2055223793
바오로교실보호작업장,서울특별시 은평구 증산로5길 7,191794.881750662,553677.2055223793
열림일터,서울특별시 강서구 까치산로 136,186887.68361515738,550005.3227967832
아람마을,서울특별시 노원구 월계로 338-16,205134.05988895576,558796.1619227958
은평구립직업재활센터,서울특별시 은평구 녹번로1길 13,193513.84711940718,556134.2764657746
불광작은예수의집,서울특별시 은평구 연서로37길 21-5,193480.13242410313,558198.1263499672
성북구수어통역센터,서울특별시 성북구 아리랑로4길 22,201529.19202161982,555031.0811822765
아이비주간보호시설,서울특별시 강동구 천중로 87,211639.0860492959,549485.7787707531
아이비장애인단기보호시설,서울특별시 강동구 구천면로39길 12,211653.88054763072,549585.9552451582
파란마음복지센터,서울특별시 강동구 진황도로 100,212134.7793155986,548462.0343276194
함께사는세상,서울특별시 관악구 국회단지길 67,194811.78133244888,543247.8252215504
한벗둥지,서울특별시 마포구 월드컵북로12길 98,192501.7337271512,551768.1883779308
사랑샘,서울특별시 노원구 중계로 163,207117.6880689067,561137.4152863285
하은장애인주간보호시설,서울특별시 양천구 신목로 20,188957.89357024818,546527.4251628486
기쁨이 싹트는 나무,서울특별시 금천구 시흥대로80길 19-11,191238.04221797019,540007.7318674464
신나는 집 장애인공동생활가정,서울특별시 구로구 고척로52라길 19-7,187168.16752204645,544751.0293563015
제4샬롬장애인공동생활가정,서울특별시 중구 동호로15가길 37,200626.90305691367,550573.2794397966
예은장애인주간보호시설,서울특별시 구로구 부일로15길 25-5,185245.54712533797,543844.3851385817
예은장애인공동생활가정,서울특별시 양천구 오목로46길 17,187801.41074381076,547199.1295669543
다은장애인공동생활가정,서울특별시 양천구 목동중앙서로9길 20,188221.3110515802,548213.408437101
강동단기보호시설,서울특별시 강동구 구천면로 222,211446.85711211004,549017.7522691624
성민장애인주간보호소,서울특별시 노원구 노원로32길 42-20,206146.2604357113,561750.9666110391
라온채,서울특별시 구로구 고척로12길 15-4,186141.05231806808,544475.11903759
해피워크,서울특별시 성북구 오패산로 21-0,203220.07357168317,556109.8561213146
아이티어빌리티센터,서울특별시 강동구 고덕로 106,212109.43890959947,550560.6289142083
기원주간보호센터,서울특별시 은평구 통일로87길 6-19,192833.93880614798,558256.1969821338
한마음 주간보호센터,서울특별시 은평구 연서로17길 47,192260.15943591978,557160.2265492529
하늘꿈터,서울특별시 동대문구 사가정로25길 29,206214.74454193722,553404.7192529651
용산구수어통역센터,서울특별시 용산구 서빙고로 245,199211.1069813451,546777.9784754061
시립영등포장애인복지관,서울특별시 영등포구 버드나루로 22,192297.39765798755,546815.7921975856
다운주간보호센터,서울특별시 노원구 화랑로 478,207088.52492535577,557709.9623762729
모랫말꿈터,서울특별시 영등포구 도영로 37,190899.63677452583,545612.7678735564
강동그린나래복지센터,서울특별시 강동구 고덕로 100-5,212065.94645342923,550543.0516546976
성프란치스꼬민들레의집,서울특별시 영등포구 도신로 146-3,191859.17485550343,545531.818312122
햇살터(성프란치스꼬),서울특별시 구로구 남부순환로105라길 25-10,190316.88151611897,542464.1983665512
한마음2호공동생활가정,서울특별시 송파구 위례성대로8길 46,210386.05908874798,545741.2210591612
SG누리센터,서울특별시 금천구 시흥대로 182-0,191392.71187674737,538988.5051638439
노원1장애인주간보호센터,서울특별시 노원구 월계로 372,205341.3040726671,558939.5582523673
다사랑공동생활가정,서울특별시 강북구 노해로7길 42-5,201791.31362674356,559817.7665014773
다향공동생활가정,서울특별시 강서구 양천로 595,188083.4087597949,550763.1146892689
나자로의집보호작업장,서울특별시 관악구 남부순환로194길,194214.39957792443,542542.2982359731
북부(종합사회복지관)장애인주간보호센터,서울특별시 노원구 동일로245길 56,204622.63745443532,564439.113465304
실로암장애인근로사업장,서울특별시 관악구 남부순환로 1717,194795.1346672426,542621.3149627262
중계1호,서울특별시 노원구 노원로19길 31,206147.63106415627,560428.1118876362
중계2호그룹홈,서울특별시 노원구 노원로19길 31,206147.63106415627,560428.1118876362
상계(종합사회복지관)장애인주간보호센터,서울특별시 노원구 덕릉로115나길 25,206920.73181632295,563145.7812681881
평화장애인주간활동센터,서울특별시 노원구 노원로 331,206090.32415177298,560767.0880322917
영등포구주간보호센터,서울특별시 영등포구 신길로 55,191864.40638767995,544235.8262452515
임마누엘신사공동체,서울특별시 은평구 갈현로2가길 13,192152.02993597914,555528.2878254501
임마누엘역촌공동체,서울특별시 은평구 진흥로1길 13-19,192703.15108923658,555756.5773886144
서울남부주간보호센터,서울특별시 동작구 여의대방로20길 33,192849.1314021715,543694.5259958252
남부장애인공동생활가정1호,서울특별시 영등포구 도신로48길 9-13,192376.73198743406,545681.1054088457
남부장애인공동생활가정2호,서울특별시 영등포구 영신로17길 16-016,191746.34933890926,546004.5804112907
한빛장애인주간보호센터,서울특별시 양천구 신월로11길 16,185875.92519531256,546631.9326203506
관음의 집,서울특별시 금천구 독산로14길 13,191825.38797538003,539220.3861589793
지장의 집,서울특별시 금천구 독산로14길 13,191825.38797538003,539220.3861589793
노원시각장애인주간보호센터,서울특별시 노원구 상계로23길 42,205975.4812035093,562233.8703882372
원광장애인주간보호시설,서울특별시 중랑구 신내로 56,208478.48182106798,556073.310077563
보라매주간보호센터,서울특별시 동작구 여의대방로20길 33,192849.1314021715,543694.5259958252
정겨우리주간보호센터,서울특별시 은평구 갈현로11길 30,191771.78005402477,556237.133218867
정립회관주간보호센터,서울특별시 광진구 워커힐로 93,208627.92921028627,550146.9806368324
강서구수어통역센터,서울특별시 강서구 발산로 40,184218.3428940634,550471.2775947963
구로구수어통역센터,서울특별시 구로구 가마산로 272,190327.7384735887,544043.8973927906
삼전주간보호시설,서울특별시 송파구 백제고분로32길 35,208395.8912249694,544411.5332453578
브니엘의 집,서울특별시 구로구 구로중앙로21길 22-1,189995.4848820479,544086.1433709722
이수경하우스,서울특별시 노원구 덕릉로122길 15-4,207168.24456031696,563247.1486258124
송파시각장애인축구장,서울특별시 송파구 올림픽로 474,210388.61133711433,547258.1362848975
송파구장애인운전교육원,서울특별시 송파구 삼학사로2길 49,208890.85873205322,544138.7413795459
임마누엘시흥공동체,서울특별시 금천구 독산로50마길 19-10,192209.30714769938,540211.2043897163
임마누엘독산공동체,서울특별시 금천구 시흥대로118길 44,191261.0153119582,540974.6112156941
임마누엘신월공동체,서울특별시 양천구 오목로11길 9,186264.65451017825,547147.1752563845
임마누엘신정공동체,서울특별시 양천구 오목로 148-34,187107.13001410232,547158.9117946194
임마누엘개봉공동체,서울특별시 구로구 고척로16가길 35,186278.3365852614,544455.2356858084
임마누엘구로공동체,서울특별시 구로구 오리로22가길 38-6,184967.0077643156,544582.5728499809
임마누엘화곡1공동체,서울특별시 강서구 등촌로13다길 22-7,187552.86748178364,548458.6338321533
임마누엘화곡공동체,서울특별시 강서구 강서로10길 108,187083.5680154211,547918.7605078506
임마누엘등촌1공동체,서울특별시 강서구 화곡로66길 145-15,187768.4783076929,550666.8239119631
기쁜우리복지관부설주간보호시설,서울특별시 강서구 허준로 65,186651.52069523,552197.9334790496
충현복지관,서울특별시 강남구 논현로98길 16,203253.4935784472,544903.9467065514
해마을주간보호센터,서울특별시 강남구 개포로 617-8,206871.76483377785,543840.5163157817
중랑구수어통역센터,서울특별시 중랑구 면목로 299,207656.12690371685,553300.8509202567
성모자애 엠마우스공동생활가정 1,서울특별시 강남구 헌릉로757길 35,210568.9483171037,541186.0524238386
성모자애엠마우스공동생활가정3호,서울특별시 강남구 헌릉로757길 35,210568.9483171037,541186.0524238386
성모자애공동생활가정,서울특별시 강남구 헌릉로757길 35,210568.9483171037,541186.0524238386
성모자애주간보호시설,서울특별시 강남구 헌릉로757길 35,210568.9483171037,541186.0524238386
성모자애제2주간보호센터,서울특별시 강남구 헌릉로757길 35,210568.9483171037,541186.0524238386
성모자애보호작업장,서울특별시 강남구 헌릉로757길 35,210568.9483171037,541186.0524238386
사랑손주간보호센터,서울특별시 동작구 사당로 188-7,197292.76686873878,542846.6857096714
서울특별시립장애인생산품판매시설,서울특별시 양천구 목동서로 33,189582.84945650888,548650.9031100739
동작구립장애인보호작업장,서울특별시 동작구 등용로12길 57,194028.50286551012,545833.0404063531
성동주간보호센터,서울특별시 성동구 청계천로 506,202973.9579863982,552316.1147844904
성모보호작업장,서울특별시 성동구 금호산9가길 57-10,201639.05327124917,550382.2627707375
성동보호작업장,서울특별시 성동구 청계천로 506-0,202973.9579863982,552316.1147844904
성동장애인복지관공동생활가정(믿음의집),서울특별시 성동구 금호산9가길 57-10,201639.05327124917,550382.2627707375
성동장애인복지관공동생활가정(소망의집),서울특별시 성동구 금호산9가길 57-10,201639.05327124917,550382.2627707375
성동장애인복지관공동생활가정(사랑의집),서울특별시 성동구 금호산9가길 57-10,201639.05327124917,550382.2627707375
성동장애인복지관 공동생활가정(기쁨의 집),서울특별시 성동구 무수막14길 10,201893.11494713867,550341.3178058221
광진장애인보호작업장,서울특별시 광진구 동일로80길 20,207150.9837264096,552284.4110393765
은평구수어통역센터,서울특별시 은평구 증산서길 82,191770.6713854527,553784.4335311766
정립장애인보호작업장,서울특별시 광진구 워커힐로 93,208627.92921028627,550146.9806368324
정립전자,서울특별시 광진구 워커힐로 93,208627.92921028627,550146.9806368324
보라매그룹홈,서울특별시 동작구 보라매로13길 21,193504.96229473423,544083.963576866
자운그룹홈,서울특별시 도봉구 도봉로185길 14,203912.84382401302,565098.5968135302
까리따스장애인주간보호센터,서울특별시 서초구 남부순환로 2124,198603.460519148,541703.2556035531
사랑의일터,서울특별시 서초구 효령로55길 28,201283.67976463732,542963.9461527778
교남공동생활가정4호,서울특별시 강서구 까치산로8길 44,186417.30537690502,549135.797112126
교남공동생활가정1호,서울특별시 강서구 까치산로16길 21,186639.11432149413,549581.7656583759
구로구립장애인보호작업장,서울특별시 구로구 경인로 21,184502.03197237776,543380.4215048428
동천재활체육시설,서울특별시 노원구 노원로18길 41,206471.52777337804,560533.6658801083
교남공동생활가정5호,서울특별시 강서구 화곡로31길 5-6,186092.39525800926,549361.5519083065
서초구수어통역센터,서울특별시 서초구 서운로23길 17,201870.0907497896,544352.6809138266
서울남부보호작업장,서울특별시 동작구 여의대방로20길 33,192849.1314021715,543694.5259958252
서울장애인종합복지관,서울특별시 강동구 고덕로 201,213108.39034659293,550678.8718979873
오뚜기뇌성마비인주간보호센터,서울특별시 노원구 덕릉로70가길 96,205009.5387691672,560303.4915635223
참사랑주간보호센터,서울특별시 송파구 마천로 89,211522.7882165875,545288.1796873921
번동보호작업장,서울특별시 강북구 한천로 115길 20,203196.77653773697,559275.7835445942
여성시각장애인주간보호센터,서울특별시 중구 소공로4길 15,198554.19582668817,550885.9129998249
맑음터단기보호시설,서울특별시 마포구 백범로 73-11,194741.22130806115,549967.1498108106
연화직업재활원,서울특별시 송파구 가락로 86,209361.64838731533,544563.5172461477
사랑의복지관 재가복지봉사센터,서울특별시 서초구 강남대로65길 19,202121.4186263186,544489.5659935212
하하센터,서울특별시 노원구 한글비석로24가길 72-20,206120.04573284686,562774.2651196221
서초구립주간이용센터,서울특별시 서초구 남부순환로340길 15,202199.68211771295,542522.4326913542
라파엘 주간보호시설,서울특별시 종로구 필운대로9나길 15-4,197057.55594008687,553717.5886489054
서대문장애인주간보호시설,서울특별시 서대문구 북아현로4차길 4,196495.5585616692,551257.6820808648
서은장애인단기보호시설,서울특별시 서대문구 가좌로 19,194105.7820988634,553032.1519720702
브니엘공동생활가정,서울특별시 은평구 증산로19길 28-10,192217.23018615015,555135.4140877292
벧엘공동생활가정,서울특별시 은평구 가좌로 312-11,192123.91518578315,555159.0984348899
중계종합사회복지관장애인주간보호센터,서울특별시 노원구 덕릉로 662,206721.10737008823,561887.9978792053
새생명장애인주간보호소,서울특별시 영등포구 도림로 310-1301,191390.0150743931,545091.3157383362
비둘기주간보호시설,서울특별시 종로구 동숭4길 28,200455.68635373775,553787.5905080461
비둘기직업적응훈련센터,서울특별시 종로구 동숭4길 28,200455.68635373775,553787.5905080461
중구수어통역센터,서울특별시 중구 퇴계로20길 41-11,198833.22248413623,551027.3456887741
미술작은예수의집,서울특별시 송파구 가락로11길 12-6,209270.8830939591,544671.9611628476
영등포구수어통역센터,서울특별시 영등포구 경인로112길 13,192421.94046681814,546518.8305350189
노원구수어통역센터,서울특별시 노원구 상계로23길 17,206046.61172460509,562133.3983097621
(사)대한안마사협회부설안마수련원,서울특별시 서초구 서초중앙로22길 105,201729.56829259454,543899.0689399625
한마음주간보호시설,서울특별시 강북구 삼양로 432,201486.63105939914,560262.7415194685
한마음단기거주시설,서울특별시 강북구 삼양로119길 12,201356.04737122872,560517.0853861662
햇빛자리,서울특별시 용산구 백범로47길 24,196420.88562922564,549050.950155841
마포장애인주간보호센터,서울특별시 마포구 성산로4길 35,191913.52006077048,551587.5962653728
마포점자도서실,서울특별시 마포구 망원2동 451-1,191366.25785644393,551202.4959876981
피어라희망센터,서울특별시 도봉구 도봉로120길 16,203301.55785612215,561184.2708745531
무지개동산주간보호,서울특별시 송파구 성내천로22길 16,212956.5485074942,544470.2024567609
송파구수어통역센터,서울특별시 송파구 문정로 13,210986.97473355778,543006.7559757647
성동구수어통역센터,서울특별시 성동구 청계천로 516,202973.9579863982,552316.1147844904
마라주간보호센터,서울특별시 송파구 송이로34길 43-1,211396.31713275888,542794.177748043
주몽재활의원,서울특별시 강동구 상암로 369 상일동 179,214460.54855805004,549643.8512172834
장애인주간보호시설인강원,서울특별시 도봉구 평화로15번길 9-25,203741.3979285346,566110.7410844362
보호작업장 인강원,서울특별시 도봉구 평화로15번길 9-25,203741.3979285346,566110.7410844362
아미네,서울특별시 도봉구 시루봉로13가길 30,202695.29211569522,563115.0561397912
도봉주간보호센터,서울특별시 도봉구 도당로 53,203044.37938508278,562592.6799051936
마라제3공동생활가정,서울특별시 송파구 가락로5길 7-11,208969.34183837648,544506.2153441584
마라제1공동생활가정,서울특별시 송파구 송이로34길 43-1,211396.31713275888,542794.177748043
마라제2공동생활가정,서울특별시 송파구 송이로34길 43-1,211396.31713275888,542794.177748043
충현보호작업장,서울특별시 강남구 논현로98길 16,203253.4935784472,544903.9467065514
THE채움,서울특별시 송파구 마천로51길 28,213492.53299489166,544171.5435398438
헬렌켈러의집,서울특별시 강북구 삼양로91가길 8,201397.30184130045,559656.1341434178
강남구수어통역센터,서울특별시 강남구 학동로 343,203592.29636389302,546441.4927334578
논현공동생활가정,서울특별시 강남구 강남대로120길 52,202429.3727914267,545357.1588199326
하상주간보호센터,서울특별시 강남구 개포로 613,206636.03868861997,543674.3661908386
라온홈,서울특별시 마포구 잔다리로9길 21,192365.2476263418,550839.5625226982
한벗장애인주간보호시설,서울특별시 용산구 효창원로69길 42-3,196481.01827419735,549261.6238153139
행복이가득한집,서울특별시 용산구 후암로28라길 9,198213.01186382273,550023.7243112625
임마누엘목동공동체,서울특별시 양천구 목동중앙본로17길 29,188294.02522089178,549141.2101379485
실로암배움울타리,서울특별시 관악구 조원로12길 66-0,191700.55646326006,542451.7722873066
사랑쉼터의집,서울특별시 강동구 상암로79길 24,214782.1450221279,549705.9380203114
베다니장애인주간보호시설,서울특별시 양천구 남부순환로65길 12-2,185465.9711179216,547581.9742359752
가브리엘의집,서울특별시 용산구 후암로35길 22-23,197836.21035849227,550138.0205531968
동천일리하우스,서울특별시 노원구 노원로18길 41,206471.52777337804,560533.6658801083
우리집,서울특별시 강서구 양천로47길 70-6,185648.61335545822,552658.545453965
나눔공동체,서울특별시 강서구 등촌로13바길 59,187343.73366064762,548435.3424877715
선린원,서울특별시 강서구 까치산로22길 35-5,187005.20229127788,549908.5893969279
잔디네집,서울특별시 마포구 월드컵로 190,191454.4461924341,551633.5168887896
푸른터,서울특별시 강서구 초록마을로26길 35-8,186691.78419858974,548847.9824098665
푸른터2호,서울특별시 강서구 화곡로13길 20-9,185303.4394536937,549074.950706131
푸른터3호,서울특별시 강서구 허준로5길 37,186849.55029055418,552123.89872389
강서뇌성마비복지관,서울특별시 강서구 방화대로 45길 69,183443.7192356667,552756.8691144062
그라나다보호작업센터,서울특별시 강서구 허준로5길 37,186849.55029055418,552123.89872389
강서희망의집,서울특별시 강서구 강서로34길 36,185992.41876574527,549325.6375525965
주간보호센터햇볕교실,서울특별시 강서구 개화동로21길 4,182812.2939067694,552308.7025139418
기쁜우리보호작업장,서울특별시 강서구 허준로 65,186651.52069523,552197.9334790496
강서구휴먼희망일터,서울특별시 강서구 강서로 466,185996.44693892312,551939.853911088
다복스위트홈,서울특별시 노원구 상계로5길 22-94,205575.83110214636,561970.6892031643
마라제4공동생활가정,서울특별시 송파구 마천로39길 35,213201.09823355713,544560.5309641188
양지골장애인주간보호시설,서울특별시 구로구 구로중앙로28길 62,190190.37594114544,544513.733801771
리드릭,서울특별시 영등포구 양산로 96양산로 96,190592.38879985968,547151.6966954564
마포구립장애인직업재활센터(수아밀),서울특별시 마포구 매봉산로 18,190274.6108161343,552739.6726553241
강남세움주간보호센터,서울특별시 강남구광평로60길 22,209454.40127401057,543072.9208860333
파랑새교육원주간보호,서울특별시 강서구 까치산로 134,186869.9518902819,549985.2397150843
화곡성모공동생활가정,서울특별시 강서구 초록마을로24길 7-8,186816.63610321176,548802.1006984463
강남장애인복지관,서울특별시 강남구 개포로 605,206496.6923259971,543618.141259243
헬렌의집장애인단기보호시설,서울특별시 구로구 구로중앙로27나길 18,189829.59564075916,544163.1586515072
로사리아공동생활가정,서울특별시 강서구 초록마을로24길 7-8,186816.63610321176,548802.1006984463
우리집주간보호,서울특별시 강서구 양천로47길 70-6,185648.61335545822,552658.545453965
꿈손단기거주시설,서울특별시 강북구 인수봉로61길12-4,201134.60556124148,559881.0699702939
금천구수어통역센터,서울특별시 금천구 시흥대로147길 30-15,190818.40430708084,541709.8967258584
시각장애인주간보호센터,서울특별시 중구 퇴계로20길 41-11,198833.22248413623,551027.3456887741
동대문구수어통역센터,서울특별시 동대문구 청계천로 521,203009.4404360279,552475.2627340952
샬롬의 집,서울특별시 강서구 방화대로7가길 11,183715.27344283476,550834.5821922034
디딤돌공동생활가정,서울특별시 도봉구 우이천로 446-11,201520.62335094105,561536.8775998132
역삼주간보호센터,서울특별시 강남구 테헤란로8길 36,202816.04006160627,544115.1797508124
신망애공동생활가정,서울특별시 강남구 도산대로50길 33-3,203362.43299638692,546752.1391978422
서로함께공동생활가정,서울특별시 강남구 선릉로146길 27-4,203750.38113661073,546953.0592271035
똘레랑스,서울특별시 은평구 연서로21길 31-0,192441.7783008606,557319.9612566328
마로니에공동생활가정,서울특별시 종로구 혜화로12길 20-10,200040.68883611634,554456.6177955887
영락주간보호센터,서울특별시 중구 수표로 33,199008.56459476924,551540.7320737742
성모주간보호센터,서울특별시 성동구 독서당로44길 25,201823.02799492533,549482.4439831662
지앤지주간보호센터,서울특별시 도봉구 삼양로 574-44,201233.77932564978,561638.8518236973
동문장애인복지관,서울특별시 동대문구 장안벚꽃로 7길 5,206465.10110448737,553744.4026574803
성민그룹홈,서울특별시 도봉구 우이천로47길 10,201353.71739663417,561704.5100325723
파란마음주간보호센터,서울특별시 중구 다산로22길 11,201151.93289508554,550905.6895199053
구립용산장애인복지관,서울특별시 용산구 효창원로93길 49,196621.8743080364,549771.6880012645
서초구립한우리정보문화센터,서울특별시 서초구 남부순환로340길 15,202199.68211771295,542522.4326913542
다니엘의집4호,서울특별시 강남구 도산대로4길 18-6,201857.31826743303,546190.8920322717
행복한 집,서울특별시 마포구 성미산로 165-5,193334.11471455006,551711.1739878356
성민복지관,서울특별시 노원구 노원로32길 30-3,206108.06733468352,561801.4721047826
기쁜우리복지관,서울특별시 강서구 허준로 65,186651.52069523,552197.9334790496
강북장애인종합복지관,서울특별시 강북구 오현로 189 강북장애인종합복지관,203449.09886797532,558791.5486644526
삼성소리샘복지관,서울특별시 동작구 양녕로30길 19-4,195218.82413478597,544407.7949282553
서울시립뇌성마비복지관,서울특별시 노원구 덕릉로70가길 96,205009.5387691672,560303.4915635223
서울시립상이군경복지관,서울특별시 노원구 덕릉로70가길 73-0,205127.1076071125,560301.5546154735
서울장애인종합복지관보호작업장,서울특별시 강동구 고덕로 201,213108.39034659293,550678.8718979873
성동장애인종합복지관,서울특별시 성동구 청계천로 506-0,202973.9579863982,552316.1147844904
성북시각장애인복지관,서울특별시 성북구 동소문로25가길 20성북시각장애인복지관,201696.90519676675,555088.7059061094
실로암주간보호센터,서울특별시 관악구 조원로 127-2,192614.1741877267,542900.9635734907
에덴장애인종합복지관,서울특별시 구로구 고척로21가길 84-35,185963.86587457207,544649.3222482973
정립회관,서울특별시 광진구 워커힐로 93,208627.92921028627,550146.9806368324
한국시각장애인복지관,서울특별시 강동구 구천면로 645,214935.85416385077,550174.450954119
양천해누리복지관,서울특별시 양천구 목동동로 159,188504.14111417247,546719.2939393272
실로암시각장애인복지관,서울특별시 관악구 남부순환로 1717,194795.1346672426,542621.3149627262
서부장애인종합복지관,서울특별시 은평구 갈현로11길 30,191771.78005402477,556237.133218867
서대문장애인종합복지관,서울특별시 서대문구 북아현로 24,196203.39212514376,551106.3116215856
해나무일터,서울특별시 구로구 남부순환로 105라길 25-10,190316.88151611897,542464.1983665512
장애인주간보호센터청락원,서울특별시 금천구 금하로29길 36,192368.2477160195,539111.8375124037
사랑의복지관,서울특별시 서초구 강남대로65길 19,202121.4186263186,544489.5659935212
하상장애인복지관,서울특별시 강남구 개포로 613,206636.03868861997,543674.3661908386
희망의학교,서울특별시 광진구 천호대로 622,207633.05806832298,550500.6806658284
라파엘의집,서울특별시 종로구 필운대로2길 16,197332.08762191312,553253.785563191
다운인의 집,서울특별시 노원구 노원로1길 21,207517.10076547295,557986.9035093061
장애인공동생활가정다움이네집,서울특별시 동작구 양녕로22마길 90,195298.314761214,544399.270230839
사랑의가족,서울특별시 서초구 사임당로20길 16,201863.55909189122,543311.7774250495
사랑의그룹홈,서울특별시 서초구 효령로23길 61,199341.0191440238,542616.5513540806
성북그룹홈1호,서울특별시 성북구 개운사길 60-39,202671.09205518712,554516.7596724967
성북그룹홈2호,서울특별시 성북구 보국문로6길 5-11,201010.6340983052,556325.7210228589
사랑손공동생활가정소라네,서울특별시 동작구 대방동2길 36,193609.13220524933,544831.6364468058
아름다운집,서울특별시 노원구 공릉로62길 8,206370.38342946564,559552.4490280563
아이비해솔그룹홈,서울특별시 강동구 양재대로110길 15-5,212402.2345171746,548481.6855266806
아이비한울그룹홈,서울특별시 강동구 양재대로124길 67-14,212926.53627271383,549281.7432901555
아이비잎새그룹홈,서울특별시 강동구 양재대로135길 5-1,212647.2615182515,549886.0440870669
사랑손공동생활가정연희네,서울특별시 동작구 국사봉길 178,194178.94930799422,543793.2560988748
임마누엘관악1공동체공동생활가정,서울특별시 관악구 조원중앙로 44-32,191791.14493405557,542622.9019134621
임마누엘등촌공동체,서울특별시 강서구 공항대로39길 74,186293.5431940204,551224.7799300337
임마누엘영등포공동체,서울특별시 영등포구 영신로8길 9,192038.15388124067,545994.9619545392
충현의집1호,서울특별시 강남구 삼성로57길 33-1,205168.12683955496,544199.8255891621
충현의집2호,서울특별시 강남구 학동로42길 55-10,203320.73789347973,545834.4234235485
충현의집3호,서울특별시 서초구 동산로12길 20,204039.03167961966,541267.762990874
충현의집4호,서울특별시 강남구 선릉로146길 27-4,203750.38113661073,546953.0592271035
충현의집5호,서울특별시 강남구 삼성로147길 16-10,204114.0613328563,546943.2756185612
충현의집6호,서울특별시 강남구 삼성로67길 8-7,205156.42746291956,544656.9519232647
한마음1호공동생활가정,서울특별시 은평구 통일로89길 5-7,192877.3051760742,558301.4654958885
기쁜우리체육센터,서울특별시 강서구 허준로 65,186651.52069523,552197.9334790496
서부재활체육센터,서울특별시 은평구 갈현로11길 30,191771.78005402477,556237.133218867
에스알씨(SRC)부설의원,서울특별시 관악구 보라매로 44,193581.60037688515,543745.9153387756
서울재활병원,서울특별시 은평구 갈현로11길 30-0,191771.78005402477,556237.133218867
도봉장애인보호작업시설,서울특별시 도봉구 마들로 664-17,204182.97029786682,563329.7304303336
마라보호작업장,서울특별시 송파구 송이로34길 43-1,211396.31713275888,542794.177748043
성지보호작업장,서울특별시 강동구 동남로85길 15,213773.11344597786,551314.1028483503
아이비장애인보호작업장,서울특별시 강동구 구천면로39길 12,211653.88054763072,549585.9552451582
은평보호작업장,서울특별시 은평구 갈현로11길 30,191771.78005402477,556237.133218867
하은장애인보호작업장,서울특별시 양천구 목동동로8길 9,188570.53896410513,546499.8130836562
EM실천,서울특별시 금천구 서부샛길 648,189038.0576953534,542424.8403789338
꿈자람터장애인주간보호센터,서울특별시 강서구 공항대로43길 104,186896.09211261157,551262.9085388207
서울시립노원시각장애인복지관,서울특별시 노원구 덕릉로70가길 98,205009.5387691672,560303.4915635223
늘푸른마을,서울특별시 강서구 까치산로22길 38,186965.35398690056,549855.9878650266
효명장애인보호작업시설,서울특별시 송파구 올림픽로 269,208905.83875467756,546113.077416445
서리풀주간이용센터,서울특별시 서초구 남부순환로340길 15,202199.68211771295,542522.4326913542
동작구수어통역센터,서울특별시 동작구 만양로3길 14,195309.7476508216,545402.088187533
종로구수어통역센터,서울특별시 종로구 종로 17길 8,199024.40368721227,552349.2355822579
양천구수어통역센터,서울특별시 양천구 목동중앙북로 68,188572.63430039812,549682.6332013961
성락주간보호,서울특별시 영등포구 도림로 304,191426.25159473653,545050.6014794146
계명원,서울특별시 마포구 동교로 55-10,191906.03508836124,550470.7506341515
열린마음하나,서울특별시 강서구 초록마을로16길 20,186702.94741953432,549086.0341792672
삼성그룹홈1호,서울특별시 동작구 양녕로 22마길 90,195298.314761214,544399.270230839
민들레쉼터장애인주간보호시설,서울특별시 구로구 가마산로 231,189921.5217465902,543991.049996181
드림하우스,서울특별시 양천구 곰달래로10길 19-1,185622.61422570495,547674.831925292
선한복지센터,서울특별시 강동구 양재대로91길 62,211752.0567914175,547714.1692658134
사랑나눔강동,서울특별시 강동구 양재대로112길 86,212766.86041918036,548476.1887461814
하나렘넌트장애인주간보호센터,서울특별시 마포구 월드컵로13길 19-13,191997.292366188,550641.7172292868
위드그룹홈,서울특별시 은평구 갈현로15길 11-13,191997.05625991913,556359.4003607753
서울시농아노인지원센터,서울특별시 용산구 원효로89길 33,197102.28275721462,549027.2217946205
디딤돌주간보호센터,서울특별시 동작구 대방동7길 57,193365.9381446202,544678.8420488851
구립강서구직업재활센터,서울특별시 강서구 허준로 95-9,186907.08405840432,551997.3472747193
작은숨골공동생활가정,서울특별시 서대문구 연희로41가길 103-7,194143.42720730725,554904.5493854502
서울시립미래형장애인직업재활시설그린내,서울특별시 서대문구 명지2길 14-0,193629.09387139516,553725.0066679948
논현제2공동생활가정,서울특별시 강남구 논현로113길 38-1,202667.29005522237,545364.6900297331
포도원복지센터,서울특별시 은평구 갈현로41길 48,192334.73481890946,558530.2440564308
마포구수어통역센터,서울특별시 마포구 월드컵로 213,191234.82264023868,551772.4036658434
메타아카데미주간보호센터,서울특별시 강동구 양재대로121길 25,212376.46160692026,549235.5671211637
하나인장애인주간보호센터,서울특별시 광진구 능동로59길 14,207501.88769013673,552160.2360621993
희망일터,서울특별시 광진구 천호대로 622,207633.05806832298,550500.6806658284
서울시립미래형장애인직업재활시설굿윌스토어,서울특별시 송파구 마천로 226,212617.65643354828,544556.8290635409
소망의집,서울특별시 송파구 백제고분로 32길 32-1,208354.7243569316,544459.8489309126
사랑의집,서울특별시 송파구 오금로64나길 11-1,213148.52727840468,543599.0199281093
희망을긷는샘,서울특별시 강북구 삼양로163길 31-5,201031.92662360377,562107.5238182732
내일을 꿈꾸는 사람들,서울특별시 노원구 동일로237바길 11-8,204430.48352216257,563828.0171483974
로뎀나무,서울특별시 강서구 까치산로18나길 36,186706.32481190248,549606.1529665565
빛가람장애인시설,서울특별시 은평구 대서문길 36,195428.03425585476,561760.879692858
아름드리주간보호센터,서울특별시 동대문구 한천로58길 107,206198.37809790668,555755.1285748712
로뎀하우스,서울특별시 강서구 공항대로45가길 29,187066.82444472236,550846.8668237033
구립송파구장애인보호작업장,서울특별시 송파구 양산로 5,212628.75537761964,543395.8744370412
바우뫼주간보호센터,서울특별시 서초구 바우뫼로 43,202378.18668458206,541369.785870427
맑은샘장애인주간보호시설,서울특별시 양천구 신월로 192,186233.96971556154,546686.7595840219
다솜센터(시립서대문장애인단기보호센터),서울특별시 서대문구 증가로4길 58-16,193685.12573525755,553094.1377318125
보라매보호작업장,서울특별시 금천구 가산디지털2로 136,189355.17232786934,542302.3988958771
시립중랑장애인단기거주시설 행복누리,서울특별시 중랑구 겸재로61길 81,208338.50257504746,554916.0628438548
드림장애인보호작업장,서울특별시 양천구 지양로 7,185655.81438623441,546450.0673295396
갑을충의장애인공동생활가정,서울특별시 관악구 난우16길 13-3,192719.98477382807,542018.2478331035
행복한나무,서울특별시 영등포구 양산로 96,190592.38879985968,547151.6966954564
갑을장애인직업휴먼센터,서울특별시 관악구 난우16길 13-7,192736.59926590667,542032.0733732546
우리마포보호작업장,서울특별시 마포구 신촌로26길 10,194891.74029240635,550704.4274232584
송파위더스,서울특별시 송파구 성내천로 333,213909.30570074613,543554.7292851439
렘넌트주간보호센터,서울특별시 송파구 동남로 303-8,212145.7418730393,544821.9417560323
우리마포장애인주간이용센터,서울특별시 마포구 신촌로26길 10,194891.74029240635,550704.4274232584
해누리하우스,서울특별시 양천구 곰달래로3길 24-12,185235.3755048169,548082.3041129749
사랑나눔송파,서울특별시 송파구 성내천로42길 11,213537.3834244094,544074.269344967
유일장애인공동생활가정,서울특별시 도봉구 도봉로133길 14,203431.08792456303,561993.773358206
효정,서울특별시 강북구 삼양로77길 38,201427.13730863325,558875.150178571
한다솜장애인공동생활가정,서울특별시 강동구 아리수로74길 31-0,214219.5685000524,551326.7755161502
다사랑(대한정신보건가족협회),서울특별시 강서구 개화동로7길 3-16,182262.97025188274,553479.9499625026
프란치스코의집 단기거주시설,서울특별시 강북구 노해로23길 88-18,201719.89842298353,560847.2144148231
광진구수어통역센터,서울특별시 광진구 아차산로 417,207859.6429935364,548736.4485380081
초록등대장애인보호작업장,서울특별시 강서구 송정로1길 19,183320.30209225745,550778.0070563842
강동구수어통역센터,서울특별시 강동구 성내로 52,211108.88868745472,547651.0430061929
강서나누리센터,서울특별시 강서구 공항대로7가길 21-3,183566.45738601906,551485.3470837328
구립서대문장애인공동생활가정,서울특별시 서대문구 연희로41나길 5-6,194133.59361131917,554736.3527132218
갑을장애인주간보호센터,서울특별시 관악구 난우16길 13-7,192736.59926590667,542032.0733732546
군자작은예수의집,서울특별시 광진구 자양로35길 7-7,207653.743093077,549695.5364352542
종로장애인복지관,서울특별시 종로구 자하문로 89,197334.21846062774,553837.4960558093
꿈터장애인주간보호센터,서울특별시 관악구 쑥고개로13길24,195055.02363044015,542354.3555415602
함재보호작업장,서울특별시 송파구 송파대로 412,209606.15474621582,544967.4899135259
센터봄,서울특별시 강동구 천호대로 1210,212881.74635154926,548387.4756663828
동천하우스6,서울특별시 노원구 한글비석로50길 12,205901.09008867232,562813.4409801392
덕유린장애인단기보호센터,서울특별시 종로구 지봉로12가길 49,201514.2552671748,552821.006022657
성산푸른초장단기보호시설,서울특별시 강서구 양천로30길 14,184324.1778714474,552569.5638499942
성산푸른초장주간보호시설,서울특별시 강서구 양천로30길 14,184324.1778714474,552569.5638499942
보라향그룹홈,서울특별시 은평구 갈현로15길 11-13,191997.05625991913,556359.4003607753
열린마음,서울특별시 강서구 초록마을로34길61,186299.26567541723,548779.6521780629
늘푸름보호작업장,서울특별시 구로구 부일로1나길38,183795.097402504,543736.4611452676
희망일굼터,서울특별시 양천구 신정로267,186793.33010635118,545874.6433075848
강서뇌성마비 주간보호,서울특별시 강서구 방화대로45길 69,183443.7192356667,552756.8691144062
내일을꿈꾸는사람들2호,서울특별시 노원구 동일로237다길 37,204624.3260316396,563959.2361937158
중증장애인다수고용사업장굿윌스토어밀알도봉점,서울특별시 도봉구 마들로 664-17,204182.97029786682,563329.7304303336
우리마포재활치료센터,서울특별시 마포구 신촌로26길10,194891.74029240635,550704.4274232584
서울특별시중구장애인복지관,서울특별시 중구 퇴계로 460,202014.22507551263,551728.7204146802
금천구립장애인보호작업장,서울특별시 금천구 한내로 69-15,189990.44385668956,539831.3364694681
너나울공동생활가정,서울특별시 강북구 인수봉로60가길 24-7,201289.03558007127,559665.0068521465
참사랑너나울주간보호센터,서울특별시 강북구 한천로143길 39,202041.68125869217,560095.0322430504
동문엔터프라이즈,서울특별시 동대문구 한천로 58-2,205535.4527028368,551909.2678058766
강서구희망센터,서울특별시 강서구 화곡로31길 25,186031.38392179034,549420.7222153513
늘푸른집,서울특별시 강서구 금낭화로26가길 130,183342.08387811424,553882.3690919705
하상점자도서관,서울특별시 강남구 개포로 613,206636.03868861997,543674.3661908386
광림주간보호센터,서울특별시 강남구 압구정로22길 21,202367.6300298289,547195.1803202523
빛나눔보호작업장,서울특별시 은평구 수색로 390-29,189863.33928883687,554615.7647395222
남산골주간보호센터,서울특별시 중구 퇴계로20길 41-11,198833.22248413623,551027.3456887741
영광시각장애인모바일점자도서관,서울특별시 서대문구 세검정로 78-19,195499.23141334546,555072.6279251041
강북장애인종합복지관주간보호시설,서울특별시 강북구 오현로 189,203445.9707334971,558799.3721216087
밀알그린보호작업장,서울특별시 강남구 밤고개로1길 34,209162.9462513509,543264.147494228
강남 행복의집,서울특별시 강남구 논현로117길 12-4,202775.98883375834,545603.9030451564
강동행복의집,서울특별시 강동구 양재대로135길5-1,212647.2615182515,549886.0440870669
도봉단기보호시설,서울특별시 도봉구 마들로 709,204099.20734507844,563761.1189192309
그린도봉주간보호센터,서울특별시 도봉구 도봉로 575,203417.6415457524,561862.4444009345
함께하네,서울특별시 도봉구 방학동 686-12,203506.12320488237,562813.9661784284
해피죤아동발달지원센터,서울특별시 강동구 상암로195,212741.71308313435,549693.8124145465
소망그룹홈4,서울특별시 강남구 언주로159길 21,202784.87314605,547218.2951060652
소망그룹홈3,서울특별시 강남구 언주로159길 21,202784.87314605,547218.2951060652
소망그룹홈2,서울특별시 강남구 언주로157길 22,202745.88606896158,547177.3832425555
루치아 공동생활가정,서울특별시 마포구 마포대로4라길41,195226.04164988938,548569.5749668529
맑은샘장애인단기거주시설,서울특별시 양천구 신월로192,186233.96971556154,546686.7595840219
여호와닛시의집,서울특별시 강서구 방화동로5길38-7,183270.359797789,551728.9373458066
서울곰두리체육센터,서울특별시 송파구 동남로 271,211688.48922897005,544735.7378695069
H2빌,서울특별시 강서구 금낭화로26가길 130-0,183342.08387811424,553882.3690919705
서울시각장애인생활이동지원센터,서울특별시 동작구 상도로 216-0,194926.03840741346,545065.8777950954
공감보호작업장,서울특별시 성동구 아차산로144,205266.86916342753,549290.3392172072
행복플러스보호작업장,서울특별시 성북구 화랑로134,204095.47913932163,556151.674531891
행복플러스 단기보호시설,서울특별시 성북구 화랑로134,204095.47913932163,556151.674531891
비움,서울특별시 송파구 삼전로3길3-25,207440.30239742002,544696.3383735693
장애인내일키움직업교육센터,서울특별시 서대문구 연희로33가길6-15,194206.66935034862,553120.7829965999
오뚜기직업재활센터,서울특별시 영등포구 영신로40길16,191427.8689615247,546851.6041156186
하늘아래주간보호시설,서울특별시 구로구 경인로23길8,186212.9010130427,544156.2771443137
하늘마음,서울특별시 중구 동호로11나길 35,200565.76788268835,550288.1689645001
오뚜기하우스,서울특별시 구로구 부일로871-16,184382.565899537,543764.8054520146
교남발달지원센터,서울특별시 강서구 까치산로22길 38,186965.35398690056,549855.9878650266
동천하우스7,서울특별시 도봉구 시루봉로17길47,202845.8315690294,563277.2632829718
동천하우스8,서울특별시 도봉구 시루봉로17길47,202845.8315690294,563277.2632829718
소망드림복지센터,서울특별시 강동구 양재대로116길,212667.72517682484,548745.6826068214
서울영동주간보호센터,서울특별시 강남구 논현로132길20,202851.13362716947,546165.7905082052
꿈터2장애인주간보호센터,서울특별시 관악구 쑥고개로13길24,195055.02363044015,542354.3555415602
예수와주간보호센터,서울특별시 강남구 압구정로22길21,202367.6300298289,547195.1803202523
행복을파는장사꾼,서울특별시 강서구 까치산로 134,186869.9518902819,549985.2397150843
성모자애단기거주시설미리암의집,서울특별시 강남구 헌릉로757길 35,210568.9483171037,541186.0524238386
희망하우스,서울특별시 광진구 능동로34길 102-5,207471.20925756067,550437.7918991824
참사랑 너나울 주간보호센터 2호,서울특별시 강북구 한천로143길 39,202041.68125869217,560095.0322430504
(주)의학신문사부설 아이맘인지발달연구소,서울특별시 광진구 동일로 357,206661.01277393074,551485.4863931438
예수성심우리엄마네,서울특별시 강북구 삼양로123길 14-19,201255.37133484954,560656.7057401595
다니엘의집5호,서울특별시 서초구 동산로12길 20,204039.03167961966,541267.762990874
논현제3공동생활가정,서울특별시 강남구 학동로18길 23-1,202459.95403497227,545782.5041695364
최종병기공동생활가정,서울특별시 서대문구 연희로41가길 103-13,194145.4788828299,554920.985389888
위투게더,서울특별시 송파구 성내천로 239,213650.20350858962,544419.0361627083
꿈드래장애인일자리센터,서울특별시 동대문구 장한로28가길 70,206446.1397390453,552956.5462250571
푸르메재단넥슨어린이재활병원,서울특별시 마포구 월드컵북로 494,189450.61964117235,553907.2265422475
푸르메스포츠센터,서울특별시 마포구 월드컵북로 494,189450.61964117235,553907.2265422475
마포푸르메직업재활센터,서울특별시 마포구 월드컵북로 494,189450.61964117235,553907.2265422475
래그랜느보호작업장,서울특별시 강남구 양재대로55길13,207739.0826444901,543586.695424098
휴샘아동가족발달센터,서울특별시 강서구 마곡중앙5로 81,183971.7954063512,551969.154159166
구립동대문장애인종합복지관,서울특별시 동대문구 청계천로 521,203009.4404360279,552475.2627340952
소망그룹홈1,서울특별시 강남구 언주로157길 22,202745.88606896158,547177.3832425555
sim 발달지원센터,서울특별시 광진구 천호대로136길 50,207946.71952149548,549795.0348187397
하이드림,서울특별시 구로구 고척로21다길34-7,186142.52214387362,544901.1087446761
행복단기보호시설,서울특별시 송파구 성내천로 271,213660.1622060007,544105.413213296
행복 보호작업장,서울특별시 송파구 성내천로 271,213660.1622060007,544105.413213296
SG블루웰,서울특별시 금천구 두산로 70,190764.75394305156,541069.5295236749
소울터보호작업장,서울특별시 금천구 범안로1138,190127.6181152518,540706.9564631048
교남공동생활가정2호,서울특별시 강서구 초록마을로19길 12,186908.2320605102,549014.4982222706
하사랑주간보호,서울특별시 송파구 올림픽로35길 124,208776.72091806558,546604.7036719518
한우리보호작업장,서울특별시 서초구 남부순환로340길 15,202199.68211771295,542522.4326913542
늘품 장애인 보호작업장,서울특별시 서대문구 홍은중앙로 105,195451.97749909578,555592.3371224625
행복한사랑,서울특별시 송파구 오금로 548,213239.42927688817,543699.6296728989
강남세움단기보호센터,서울특별시 강남구 광평로60길 22,209454.40127401057,543072.9208860333
관악구장애인종합복지관,서울특별시 관악구 남부순환로 1914,196625.23594297716,542000.4116698985
"효정1호,효정2호 공동생활가정",서울특별시 강북구 삼양로69길 42,201391.89705137486,558676.0845778738
동그라미 움직임 발달센터,서울특별시 광진구 자양로 135,207327.997438864,548927.9496196928
성동재활의원,서울특별시 성동구 뚝섬로1길 43,204151.08271335607,549545.7227142816
다니엘치료센터,서울특별시 서초구 헌릉로468길 21-16,208142.37070066461,540115.6482698756
도봉장애인종합복지관,서울특별시 도봉구 마들로664-23,204213.69159484236,563309.8121702969
행복이가득한집 2호,서울특별시 강서구 월정로18길 20,185848.19714048004,547756.2208507077
참행복한세상,서울특별시 강서구 양천로 424,186570.84283656665,551639.5352337738
베데스다직업적응훈련시설,서울특별시 노원구 공릉로58마길 27,206853.84844557883,559648.3971514218
참사랑공동생활가정,서울특별시 강북구 한천로144길 27,202309.7409972871,560292.5200786762
하계장애인주간활동센터,서울특별시 노원구 노원로16길 15,206561.95372611002,560355.5872684193
송파구장애인직업재활지원센터,서울특별시 송파구 양산로 5,212628.75537761964,543395.8744370412
구립중림장애인주간보호센터,서울특별시 중구 서소문로6길 16,197012.98168749732,551103.5281272905
사랑단기보호센터,서울특별시 동작구 남부순환로255길 8,197454.64519119982,541894.8683048949
더원직업훈련센터,서울특별시 동대문구 장한로 25,205813.00606499385,551589.3449269638
행복주간보호센터,서울특별시 송파구 마천로 89,211522.7882165875,545288.1796873921
해피하우스,서울특별시 송파구 오금로 548,213239.42927688817,543699.6296728989
동안우리주간보호센터,서울특별시 강동구 풍성로 146,211326.13212383474,547948.2508767567
헬렌켈러의집 2호,서울특별시 강북구 삼양로91가길 8,201397.30184130045,559656.1341434178
라파아동발달센터,서울특별시 강동구,212990.82780346836,550113.4121626316
아이사랑아동청소년발달센터,서울특별시 강동구 아리수로93길 33,215332.28755480386,551831.3013893868
홀트강동복지관,서울특별시 강동구 아리수로93길 41,215307.17023801658,551869.6127700905
직업재능개발센터,서울특별시 강동구 올림픽로588,211254.82425448805,550033.1537512719
성민드림주간보호센터,서울특별시 서초구 효령로26길 9-9,199607.2085248475,542322.3976136133
한결엠보호작업장,서울특별시 금천구 가산디지털1로 131,189592.20261240663,541959.0833007857
우리그룹홈,서울특별시 송파구 거마로3길 5,212716.78374966956,543854.8074688273
블루나래,서울특별시 구로구 디지털로 272,190664.75366596074,542566.7414930156
영광시각장애인주간보호센터,서울특별시 서대문구 세무서10길 54,195406.15940343135,554596.3148680681
두손장애인보호작업장,서울특별시 송파구 동남로6길 34-1,211070.33126232837,543106.3218833528
모두누리 직업재활센터,서울특별시 구로구 디지털로27길 24,190531.63927165768,542673.1728412828
기쁨나무,서울특별시 금천구 시흥대로80길 19,191220.0152410707,539969.4383201596
홀트주간보호센터,서울특별시 강동구 아리수로93길 41,215307.17023801658,551869.6127700905
주은공동생활가정,서울특별시 강서구 강서로5라길 138,187275.8538351605,547851.5604319588
은하수,서울특별시 구로구 고척로52마길 21-11,187124.39075771,544563.439442559
왕성밀알주간보호센터,서울특별시 관악구 신림로58길 8,193838.50791066067,542525.6867741212
행복한 사람들의 집,서울특별시 강북구 삼양로173가길 22,200993.79474471844,562509.8803263821
이음주간교육센터,서울특별시 강북구 한천로129길11,202622.4771492981,559748.0201297024
강남세움보호작업장,서울특별시 강남구 광평로60길22,209454.40127401057,543072.9208860333
킨더윌언어심리전문센터,서울특별시 노원구 상계로23다길 13-8,206102.43143114517,562240.5114555126
두빛나래보호작업장,서울특별시 성동구 성수일로 10,204663.78685407984,549740.1459098798
꿈친장애인주간보호센터,서울특별시 영등포구 은행로 55,193304.705051688,547886.2392902614
강남세움복지관,서울특별시 강남구 광평로60길 22,209454.40127401057,543072.9208860333
해피드림,서울특별시 양천구 월정로 22,186166.57741040122,546945.4064878824
선한이웃 재활운동발달센터,서울특별시 노원구 공릉로58길 112,206593.03591634615,559570.8699886493
양천희망돌봄센터,서울특별시 양천구 가로공원로 101,184731.83694411156,548505.0575997238
주사랑 장애인단기보호센터,서울특별시 금천구 독산로 165-1,191529.45858777623,540297.7267720932
강남세움근로사업장 굿윌스토어,서울특별시 강남구 광평로60길 22,209454.40127401057,543072.9208860333
강남세움 직업훈련센터,서울특별시 강남구 광평로60길 22,209454.40127401057,543072.9208860333
사랑손직업적응훈련시설,서울특별시 동작구 사당로 90,196663.79950338477,543585.9975312469
기쁨이꽃피는나무,서울특별시 금천구 시흥대로80길 19-11,191238.04221797019,540007.7318674464
두리하나다울,서울특별시 구로구 경인로53길 90,188960.4999818341,545027.2256486214
아해하제공동생활가정,서울특별시 강남구 헌릉로569길 46-6,208558.2303663159,540920.6505904184
은평구립우리장애인복지관,서울특별시 은평구 녹번로1길 13,193513.84711940718,556134.2764657746
누보,서울특별시 중구 충무로29,199331.11842198914,551582.3426117706
금천발달장애인주간보호센터,서울특별시 금천구 시흥대로73길 30,190940.93668095896,539736.2770347873
강서점자도서관,서울특별시 강서구 공항대로 206,185005.1758570608,551053.4977905493
소담,서울특별시 중랑구 상봉로 69,208228.99796503945,554732.1558025706
은평장애인주간보호센터,서울특별시 은평구 진흥로 87,193090.5663769094,556137.7926934122
40플러스 금곡행복쉼터 주간보호센터,서울특별시 강서구 방화대로45길 69,183443.7192356667,552756.8691144062
(사)한국농아인협회 수어통역센터 중앙지원본부,서울특별시 금천구 벚꽃로 234,189925.17877434567,541845.9778819502
꿈나래 아동발달센터,서울특별시 강동구 아리수로 427,215425.846136776,551727.7889636488
염리장애인주간보호센터,서울특별시 마포구 대흥로24길50,195359.05328747496,550572.2659704443
알라딘,서울특별시 강남구 밤고개로24길 40-6,209362.01132710613,541424.6285768714
스프링샤인,서울특별시 은평구 갈현로11길 30,191771.78005402477,556237.133218867
축복의통로장애인주간보호시설,서울특별시 은평구 은평로3길 10,192507.36486107612,555577.049610455
성북피해장애인쉼터,서울특별시 성북구 화랑로 134,204095.47913932163,556151.674531891
다은보호작업장,서울특별시 은평구 통일로71길 8,193472.14079941038,557152.9013916333
새론앞길,서울특별시 중랑구 신내역로111,209925.57766242218,557067.2048603853
함께주간보호센터,서울특별시 성동구 왕십리로24나길20,203122.9548074619,551591.9262996576
사람희망 금천장애인자립생활센터,서울특별시 금천구 독산로 70,191712.39444428275,539351.4948492455
해오름장애인자립생활센터,서울특별시 영등포구 국회대로62길 14,192618.94685086756,547472.3363207518
이음장애인자립생활센터,서울특별시 영등포구 선유로 146,190434.41927097936,547463.9854558455
선한이웃재활운동발달센터,서울특별시 노원구 공릉로58길 112,206593.03591634615,559570.8699886493
시설테스트1호,서울특별시 성동구 무학로 50,202797.37131140404,552129.8038270349
장애인자립생활주택(가형)-강동장애인자립생활센터,서울특별시 강동구 올림픽로98가길 6-14,211500.144557338,550010.570650791
장애인자립생활주택(다형) 해뜨는양지,서울특별시 강동구 상암로81길 10-1,214848.4028086508,549648.0203388747
장애인자립생활주택(가형)-해뜨는양지,서울특별시 강동구 천중로9길 40,211241.91101838247,549734.8332199266
염리종합사회복지관 내 주간보호센터,서울특별시 마포구 숭문길 14,195198.53686692214,549731.6449631687
행복이가득한집2호,서울특별시 강서구 월정로18길 20,185848.19714048004,547756.2208507077
공덕동행복주택 내 장애인주간보호센터,서울특별시 마포구 백범로31길 21,195579.2759917545,549693.3758823719
한아름,서울특별시 강동구 고덕로 295-45,214026.12202356063,550916.8098483314
민들레울,서울특별시 은평구 갈현로11길 46,191645.22311389583,556224.1630631211
다가옴,서울특별시 강동구 고덕로 106,212109.43890959947,550560.6289142083
성동발달장애인평생교육센터,서울특별시 성동구 성수이로 144,205154.7132924834,549802.544868152
동작발달장애인평생교육센터,서울특별시 동작구 사당로 253-3,197846.54739131295,542687.7242362534
관악구발달장애인평생교육센터,서울특별시 관악구 신림로 158,194150.28799914493,541501.5098507287
아이맘인지행동발달센터,서울특별시 광진구 동일로 357,206661.01277393074,551485.4863931438
누야하우스,서울특별시 은평구 갈현로11길 30,191771.78005402477,556237.133218867
서울시그룹홈지원센터,서울특별시 강남구 도곡로 416,204953.94660883606,544165.0452032064
꿈더하기지원센터,서울특별시 영등포구 영등포로64길 15,192664.93074497476,546010.4899330542
은평발달장애인평생교육센터,서울특별시 은평구 통일로934,193283.0270443923,558270.6933237406
강남장애인가족지원센터,서울특별시 강남구 밤고개로1길 10,209007.44800674892,543178.961776354
Good Job 자립생활센터,서울특별시 강남구 테헤란로8길 36,202816.04006160627,544115.1797508124
양천구발달장애인평생교육센터,서울특별시 양천구 중앙로 181,187251.10150082933,545929.3785751474
서대문 발달장애인평생교육센터,서울특별시 서대문구 증가로4길63-17,193667.9998610043,553201.1215843086
강남세움 발달장애인 평생교육센터,서울특별시 강남구 광평로60길22,209454.40127401057,543072.9208860333
노원발달장애인평생교육센터,서울특별시 노원구 동일로250길 44-47,205372.2864197003,564799.7862565023
서대문장애인가족지원센터,서울특별시 서대문구 세검정로 78-19,195499.23141334546,555072.6279251041
용산구장애인가족지원센터,서울특별시 용산구 백범로 329,196951.44363248785,548795.555420829
종로발달장애인평생교육센터,서울특별시 종로구 종로17길 8,199024.40368721227,552349.2355822579
영등포구 발달장애인평생교육센터,서울특별시 영등포구 문래북로 105,190574.6729201273,546760.8293713992
강남발달장애인평생교육센터,서울특별시 강남구 논현로86길 21,203464.24650948602,544540.571221397
도봉발달장애인 평생교육센터,서울특별시 도봉구 마들로 703,204086.09521058522,563712.7539398248
용산구 발달장애인 평생교육센터,서울특별시 용산구 백범로329,196951.44363248785,548795.555420829
서울서진학교,서울특별시 강서구 양천로55길 22,186768.20923399436,551756.799731419
서울도솔학교,서울특별시 도봉구 평화로15번길 9-26,203827.7681543409,565957.3914543724
서울나래학교,서울특별시 서초구 염곡안1길 25,204566.66273724491,540486.8572539244
서울새롬학교,서울특별시 관악구 보라매로 44,193581.60037688515,543745.9153387756
서울효정학교,서울특별시 강북구 삼양로63길 33,201430.475172731,558612.8160684142
서울다원학교,서울특별시 성북구 성북로31길 5-15,199199.077306808,554950.5452862616
누리학교,서울특별시 동작구 상도로 53,193503.841376482,544505.9040803629
연세대학교재활학교,서울특별시 서대문구 연세로 50,194654.63226522692,551686.6671269403
수도사랑의학교,서울특별시 종로구 사직로7길 17,196924.17087236204,552807.2534881358
은평대영학교,서울특별시 은평구 갈현로11길 30,191771.7800540248,556237.133218867
서울동천학교,서울특별시 노원구 노원로18길 41,206471.52777337804,560533.6658801083
한빛맹학교,서울특별시 강북구 삼양로73가길 47,201385.5779752828,558720.5569916725
교남학교,서울특별시 강서구 까치산로22길 38,186965.35398690056,549855.9878650266
서울경운학교,서울특별시 종로구 삼일대로 454,198917.59634011675,552809.3623749416
서울정민학교,서울특별시 노원구 공릉로58길 24,206458.84540714213,559368.2968958464
광성하늘빛학교,서울특별시 송파구 올림픽로 625,210828.743240122,548685.2583231832
서울정인학교,서울특별시 강북구 인수봉로 119-20,201056.41008379185,559015.4852122597
서울정애학교,서울특별시 강남구 봉은사로81길 16,204797.91253126765,546098.7391533414
서울광진학교,서울특별시 광진구 강변역로 18,208104.82908669516,548654.2533179575
한국육영학교,서울특별시 송파구 충민로6길 15,211717.587710041,542493.8710104348
한국구화학교,서울특별시 강동구 고덕로 295-59,214049.0096889032,550982.9311206444
주몽학교,서울특별시 강동구 상암로 369,214460.54855805004,549643.8512172834
성베드로학교,서울특별시 구로구 연동로 320,184584.4890797296,543130.7244900328
서울애화학교,서울특별시 강북구 솔매로52길 31,202533.70701276773,558404.1313239972
서울삼성학교,서울특별시 동작구 양녕로30길 19-4,195218.824134786,544407.7949282553
밀알학교,서울특별시 강남구 일원로 90,207280.50230792465,542928.1180978386
다니엘학교,서울특별시 서초구 헌릉로468길 21-16,208142.3707006646,540115.6482698756
서울정문학교,서울특별시 관악구 난향3길 31,192615.37624559773,540255.7841945197
서울정진학교,서울특별시 구로구 부일로9길 158,184252.86658767072,544315.2258901735
한국우진학교,서울특별시 마포구 월드컵북로38길 21,191458.7634163454,552454.8937506928
서울농학교,서울특별시 종로구 필운대로 103,197224.8704604719,553942.6381567209
서울맹학교,서울특별시 종로구 필운대로 97,197133.4268241596,553915.1107632241
